[spotifyd] starting device: Jetson Multimedia
[spotifyd] backend: pulseaudio
[spotifyd] audio device: alsa_output.platform-3510000.hda.hdmi-stereo
[spotifyd] volume controller: soft-volume
[spotifyd] cache: /home/multimedia/.cache/spotifyd
[spotifyd] keep this terminal open, then choose 'Jetson Multimedia' from Spotify Connect.
[[37mINFO[0m spotifyd::config] No config file specified. Running with default values
[[37mDEBUG[0m spotifyd::config] No proxy specified
[[37mINFO[0m spotifyd::setup] Using software volume controller.
[[37mINFO[0m librespot_playback::mixer::softmixer] Mixing with softvol and volume control: Log(60.0)
[[37mINFO[0m spotifyd::setup] Login via OAuth as user 31ryuukpnmxv6zd67aa6opp27gym.
[[37mINFO[0m spotifyd::setup] Starting zeroconf server to advertise on local network.
[[37mDEBUG[0m spotifyd::setup] Using device id '8be00a8efd816397f76387787fe06a4abe700e95'
[[37mDEBUG[0m librespot_discovery::server] Zeroconf server listening on 0.0.0.0:32959
[[37mDEBUG[0m librespot_core::session] new Session
[[37mDEBUG[0m librespot_connect::spirc] new Spirc[0]
[[37mDEBUG[0m librespot::component] new DealerManager
[[37mDEBUG[0m librespot::component] new SpClient
[[37mDEBUG[0m librespot_core::spclient] Client token unavailable or expired, requesting new token.
[[37mDEBUG[0m librespot_core::http_client] Requesting https://clienttoken.spotify.com/v1/clienttoken
[[37mDEBUG[0m librespot_playback::player] new Player [0]
[[37mINFO[0m librespot_playback::convert] Converting with ditherer: tpdf
[[37mINFO[0m librespot_playback::audio_backend::pulseaudio] Using PulseAudioSink with format: S16
[[37mDEBUG[0m librespot_core::spclient] Received a granted token
[[37mDEBUG[0m librespot::component] new ApResolver
[[37mDEBUG[0m librespot_core::http_client] Requesting https://apresolve.spotify.com/?type=accesspoint&type=dealer&type=spclient
[[37mDEBUG[0m libmdns::fsm] received question: IN awms-k00.local
[[37mDEBUG[0m libmdns::fsm] received question: IN awms-k00.local
[[37mDEBUG[0m libmdns::fsm] received question: IN awms-k00.local
[[37mDEBUG[0m libmdns::fsm] received question: IN awms-k00.local
[[37mDEBUG[0m libmdns::fsm] received question: IN printer2.local
[[37mDEBUG[0m libmdns::fsm] received question: IN printer2.local
[[37mDEBUG[0m libmdns::fsm] received question: IN printer2.local
[[37mDEBUG[0m libmdns::fsm] received question: IN printer2.local
[[37mINFO[0m librespot_core::session] Connecting to AP "ap-gew4.spotify.com:443"
[[37mDEBUG[0m librespot_core::connection] Connection to AP established.
[[37mDEBUG[0m librespot_core::connection] Authenticating with AP using AUTHENTICATION_STORED_SPOTIFY_CREDENTIALS
[[37mINFO[0m librespot_core::session] Authenticated as '31ryuukpnmxv6zd67aa6opp27gym' !
[[37mDEBUG[0m librespot::component] new Login5Manager
[[37mDEBUG[0m librespot_core::session] Session strong=4 weak=6
[[37mDEBUG[0m librespot_core::http_client] Requesting https://login5.spotify.com/v3/login
[[37mINFO[0m librespot_core::session] Country: "ID"
[[37mDEBUG[0m libmdns::fsm] received question: IN awms-k00.local
[[37mDEBUG[0m libmdns::fsm] received question: IN awms-k00.local
[[37mDEBUG[0m libmdns::fsm] received question: IN awms-k00.local
[[37mDEBUG[0m libmdns::fsm] received question: IN awms-k00.local
[[37mDEBUG[0m librespot::component] new MercuryManager
[[37mDEBUG[0m librespot_connect::spirc] SpircTask::set_volume(45874)
[[37mDEBUG[0m librespot_playback::player] command=AddEventSender
[[37mDEBUG[0m librespot_playback::mixer::mappings] Input volume 45874 mapped to: 12.59%
[[37mDEBUG[0m librespot_core::dealer::manager] Launching dealer
[[37mDEBUG[0m librespot_playback::player] command=AddEventSender
[[37mDEBUG[0m libmdns::fsm] received question: IN printer2.local
[[37mDEBUG[0m libmdns::fsm] received question: IN printer2.local
[[37mDEBUG[0m libmdns::fsm] received question: IN printer2.local
[[37mDEBUG[0m libmdns::fsm] received question: IN printer2.local
[[37mDEBUG[0m tungstenite::handshake::client] Client handshake done.
[[37mINFO[0m librespot_core::spclient] Resolved "gew4-spclient.spotify.com:443" as spclient access point
[[37mDEBUG[0m librespot_core::http_client] Requesting https://gew4-spclient.spotify.com:443/connect-state/v1/devices/8be00a8efd816397f76387787fe06a4abe700e95?product=0&country=ID&salt=2247051803
[[37mDEBUG[0m librespot_connect::spirc] successfully put connect state for 8be00a8efd816397f76387787fe06a4abe700e95 with connection-id NmJmNDRhZTctZDU2YS00NDE4LWIzODQtYTNiN2E2MDgyOWQzK2RlYWxlcit0Y3A6Ly8wYWIxNTEyMi5pcC5nZXc0LnNwb3RpZnkubmV0OjU3MDArQ0QyMzRGNDZBNTQ5OUI0MzYxQUFGNjkzRThBQUY4OUU2MTcwM0YyOUVGRjRCOEIwRUVEMzk3QjkxQTkzN0ZCQg==
[[37mINFO[0m librespot_connect::spirc] active device is <> with session <b1c564b376b548c294ff613138be6415>
[[37mDEBUG[0m libmdns::fsm] received question: IN awms-k00.local
[[37mDEBUG[0m libmdns::fsm] received question: IN awms-k00.local
[[37mDEBUG[0m libmdns::fsm] received question: IN awms-k00.local
[[37mDEBUG[0m libmdns::fsm] received question: IN awms-k00.local
[[37mDEBUG[0m libmdns::fsm] received question: IN printer2.local
[[37mDEBUG[0m libmdns::fsm] received question: IN printer2.local
[[37mDEBUG[0m libmdns::fsm] received question: IN printer2.local
[[37mDEBUG[0m libmdns::fsm] received question: IN printer2.local
[[37mDEBUG[0m libmdns::fsm] received question: IN awms-k00.local
[[37mDEBUG[0m libmdns::fsm] received question: IN awms-k00.local
[[37mDEBUG[0m libmdns::fsm] received question: IN awms-k00.local
[[37mDEBUG[0m libmdns::fsm] received question: IN awms-k00.local
[[37mDEBUG[0m libmdns::fsm] received question: IN apex-one.local
[[37mDEBUG[0m libmdns::fsm] received question: IN apex-one.local
[[37mDEBUG[0m libmdns::fsm] received question: IN apex-one.local
[[37mDEBUG[0m libmdns::fsm] received question: IN apex-one.local
[[37mDEBUG[0m libmdns::fsm] received question: IN awms-k00.local
[[37mDEBUG[0m libmdns::fsm] received question: IN awms-k00.local
[[37mDEBUG[0m libmdns::fsm] received question: IN awms-k00.local
[[37mDEBUG[0m libmdns::fsm] received question: IN apex-one.local
[[37mDEBUG[0m libmdns::fsm] received question: IN apex-one.local
[[37mDEBUG[0m libmdns::fsm] received question: IN apex-one.local
[[37mDEBUG[0m libmdns::fsm] received question: IN apex-one.local
[[37mDEBUG[0m libmdns::fsm] received question: IN awms-k00.local
[[37mDEBUG[0m libmdns::fsm] received question: IN awms-k00.local
[[37mDEBUG[0m libmdns::fsm] received question: IN apex-one.local
[[37mDEBUG[0m libmdns::fsm] received question: IN apex-one.local
[[37mDEBUG[0m libmdns::fsm] received question: IN apex-one.local
[[37mDEBUG[0m libmdns::fsm] received question: IN apex-one.local
[[37mDEBUG[0m libmdns::fsm] received question: IN _lyra-mdns._udp.local
[[37mDEBUG[0m libmdns::fsm] received question: IN _lyra-mdns._udp.local
[[37mDEBUG[0m libmdns::fsm] received question: IN apex-one.local
[[37mDEBUG[0m libmdns::fsm] received question: IN apex-one.local
[[37mDEBUG[0m libmdns::fsm] received question: IN apex-one.local
[[37mDEBUG[0m libmdns::fsm] received question: IN apex-one.local
[[37mDEBUG[0m libmdns::fsm] received question: IN awms-k00.local
[[37mDEBUG[0m libmdns::fsm] received question: IN awms-k00.local
[[37mDEBUG[0m libmdns::fsm] received question: IN awms-k00.local
[[37mDEBUG[0m libmdns::fsm] received question: IN awms-k00.local
[[37mDEBUG[0m libmdns::fsm] received question: IN awms-k00.local
[[37mDEBUG[0m libmdns::fsm] received question: IN awms-k00.local
[[37mDEBUG[0m libmdns::fsm] received question: IN awms-k00.local
[[37mDEBUG[0m libmdns::fsm] received question: IN awms-k00.local
[[37mDEBUG[0m libmdns::fsm] received question: IN awms-k00.local
[[37mDEBUG[0m libmdns::fsm] received question: IN awms-k00.local
[[37mDEBUG[0m libmdns::fsm] received question: IN awms-k00.local
[[37mDEBUG[0m libmdns::fsm] received question: IN awms-k00.local
[[37mDEBUG[0m libmdns::fsm] received question: IN _googlecast._tcp.local
[[37mDEBUG[0m libmdns::fsm] received question: IN _googlecast._tcp.local
[[37mDEBUG[0m libmdns::fsm] received question: IN _googlecast._tcp.local
[[37mDEBUG[0m libmdns::fsm] received question: IN _googlecast._tcp.local
[[37mDEBUG[0m libmdns::fsm] received question: IN awms-k00.local
[[37mDEBUG[0m libmdns::fsm] received question: IN awms-k00.local
[[37mDEBUG[0m libmdns::fsm] received question: IN awms-s00.local
[[37mDEBUG[0m libmdns::fsm] received question: IN awms-s00.local
[[37mDEBUG[0m libmdns::fsm] received question: IN awms-s00.local
[[37mDEBUG[0m libmdns::fsm] received question: IN awms-s00.local
[[37mDEBUG[0m libmdns::fsm] received question: IN _googlecast._tcp.local
[[37mDEBUG[0m libmdns::fsm] received question: IN _googlecast._tcp.local
[[37mDEBUG[0m libmdns::fsm] received question: IN _googlecast._tcp.local
[[37mDEBUG[0m libmdns::fsm] received question: IN _googlecast._tcp.local
[[37mDEBUG[0m libmdns::fsm] received question: IN awms-s00.local
[[37mDEBUG[0m libmdns::fsm] received question: IN awms-s00.local
[[37mDEBUG[0m libmdns::fsm] received question: IN awms-s00.local
[[37mDEBUG[0m libmdns::fsm] received question: IN awms-k00.local
[[37mDEBUG[0m libmdns::fsm] received question: IN awms-k00.local
[[37mDEBUG[0m libmdns::fsm] received question: IN awms-k00.local
[[37mDEBUG[0m libmdns::fsm] received question: IN awms-k00.local
[[37mDEBUG[0m libmdns::fsm] received question: IN apex-one.local
[[37mDEBUG[0m libmdns::fsm] received question: IN apex-one.local
[[37mDEBUG[0m libmdns::fsm] received question: IN apex-one.local
[[37mDEBUG[0m libmdns::fsm] received question: IN apex-one.local
[[37mDEBUG[0m libmdns::fsm] received question: IN awms-k00.local
[[37mDEBUG[0m libmdns::fsm] received question: IN awms-k00.local
[[37mDEBUG[0m libmdns::fsm] received question: IN awms-k00.local
[[37mDEBUG[0m libmdns::fsm] received question: IN awms-k00.local
[[37mDEBUG[0m libmdns::fsm] received question: IN apex-one.local
[[37mDEBUG[0m libmdns::fsm] received question: IN apex-one.local
[[37mDEBUG[0m libmdns::fsm] received question: IN apex-one.local
[[37mDEBUG[0m libmdns::fsm] received question: IN apex-one.local
[[37mDEBUG[0m libmdns::fsm] received question: IN _googlecast._tcp.local
[[37mDEBUG[0m libmdns::fsm] received question: IN _googlecast._tcp.local
[[37mDEBUG[0m libmdns::fsm] received question: IN _googlecast._tcp.local
[[37mDEBUG[0m libmdns::fsm] received question: IN _googlecast._tcp.local
[[37mDEBUG[0m libmdns::fsm] received question: IN awms-s00.local
[[37mDEBUG[0m libmdns::fsm] received question: IN awms-s00.local
[[37mDEBUG[0m libmdns::fsm] received question: IN awms-k00.local
[[37mDEBUG[0m libmdns::fsm] received question: IN awms-k00.local
[[37mDEBUG[0m libmdns::fsm] received question: IN awms-k00.local
[[37mDEBUG[0m libmdns::fsm] received question: IN awms-k00.local
[[37mDEBUG[0m libmdns::fsm] received question: IN awms-k00.local
[[37mDEBUG[0m libmdns::fsm] received question: IN awms-k00.local
[[37mDEBUG[0m libmdns::fsm] received question: IN Awms-K00.local
[[37mDEBUG[0m libmdns::fsm] received question: IN Awms-K00.local
[[37mDEBUG[0m libmdns::fsm] received question: IN Awms-K00.local
[[37mDEBUG[0m libmdns::fsm] received question: IN Awms-K00.local
[[37mDEBUG[0m libmdns::fsm] received question: IN awms-k00.local
[[37mDEBUG[0m libmdns::fsm] received question: IN _lyra-mdns._udp.local
[[37mDEBUG[0m libmdns::fsm] received question: IN _lyra-mdns._udp.local
[[37mDEBUG[0m libmdns::fsm] received question: IN awms-k00.local
[[37mDEBUG[0m libmdns::fsm] received question: IN awms-k00.local
[[37mDEBUG[0m libmdns::fsm] received question: IN awms-s00.local
[[37mDEBUG[0m libmdns::fsm] received question: IN awms-s00.local
[[37mDEBUG[0m libmdns::fsm] received question: IN awms-s00.local
[[37mDEBUG[0m libmdns::fsm] received question: IN awms-s00.local
[[37mDEBUG[0m libmdns::fsm] received question: IN awms-k00.local
[[37mDEBUG[0m libmdns::fsm] received question: IN awms-k00.local
[[37mDEBUG[0m libmdns::fsm] received question: IN awms-k00.local
[[37mDEBUG[0m libmdns::fsm] received question: IN awms-k00.local
[[37mDEBUG[0m libmdns::fsm] received question: IN awms-k00.local
[[37mDEBUG[0m libmdns::fsm] received question: IN awms-k00.local
[[37mDEBUG[0m libmdns::fsm] received question: IN awms-k00.local
[[37mDEBUG[0m libmdns::fsm] received question: IN awms-k00.local
[[37mDEBUG[0m libmdns::fsm] received question: IN awms-k00.local
[[37mDEBUG[0m libmdns::fsm] received question: IN awms-k00.local
[[37mDEBUG[0m libmdns::fsm] received question: IN awms-k00.local
[[37mDEBUG[0m libmdns::fsm] received question: IN awms-k00.local
[[37mDEBUG[0m libmdns::fsm] received question: IN awms-k00.local
[[37mDEBUG[0m libmdns::fsm] received question: IN awms-k00.local
[[37mDEBUG[0m libmdns::fsm] received question: IN awms-k00.local
[[37mDEBUG[0m libmdns::fsm] received question: IN awms-s00.local
[[37mDEBUG[0m libmdns::fsm] received question: IN awms-s00.local
[[37mDEBUG[0m libmdns::fsm] received question: IN awms-s00.local
[[37mDEBUG[0m libmdns::fsm] received question: IN awms-s00.local
[[37mDEBUG[0m libmdns::fsm] received question: IN awms-k00.local
[[37mDEBUG[0m libmdns::fsm] received question: IN awms-k00.local
[[37mDEBUG[0m libmdns::fsm] received question: IN awms-k00.local
[[37mDEBUG[0m libmdns::fsm] received question: IN awms-k00.local
[[37mDEBUG[0m libmdns::fsm] received question: IN awms-k00.local
[[37mDEBUG[0m libmdns::fsm] received question: IN awms-k00.local
[[37mDEBUG[0m libmdns::fsm] received question: IN awms-k00.local
[[37mDEBUG[0m libmdns::fsm] received question: IN awms-k00.local
[[37mDEBUG[0m libmdns::fsm] received question: IN awms-s00.local
[[37mDEBUG[0m libmdns::fsm] received question: IN awms-s00.local
[[37mDEBUG[0m libmdns::fsm] received question: IN awms-s00.local
[[37mDEBUG[0m libmdns::fsm] received question: IN apex-one.local
[[37mDEBUG[0m libmdns::fsm] received question: IN apex-one.local
[[37mDEBUG[0m libmdns::fsm] received question: IN apex-one.local
[[37mDEBUG[0m libmdns::fsm] received question: IN apex-one.local
[[37mDEBUG[0m libmdns::fsm] received question: IN awms-s00.local
[[37mDEBUG[0m libmdns::fsm] received question: IN awms-s00.local
[[37mDEBUG[0m libmdns::fsm] received question: IN awms-s00.local
[[37mDEBUG[0m libmdns::fsm] received question: IN awms-s00.local
[[37mDEBUG[0m libmdns::fsm] received question: IN awms-k00.local
[[37mDEBUG[0m libmdns::fsm] received question: IN awms-k00.local
[[37mDEBUG[0m libmdns::fsm] received question: IN awms-k00.local
[[37mDEBUG[0m libmdns::fsm] received question: IN awms-k00.local
[[37mDEBUG[0m libmdns::fsm] received question: IN awms-k00.local
[[37mDEBUG[0m libmdns::fsm] received question: IN awms-k00.local
[[37mDEBUG[0m libmdns::fsm] received question: IN awms-k00.local
[[37mDEBUG[0m libmdns::fsm] received question: IN awms-k00.local
[[37mDEBUG[0m libmdns::fsm] received question: IN awms-k00.local
[[37mDEBUG[0m libmdns::fsm] received question: IN awms-k00.local
[[37mDEBUG[0m libmdns::fsm] received question: IN awms-k00.local
[[37mDEBUG[0m libmdns::fsm] received question: IN awms-k00.local
[[37mDEBUG[0m libmdns::fsm] received question: IN apex-one.local
[[37mDEBUG[0m libmdns::fsm] received question: IN apex-one.local
[[37mDEBUG[0m libmdns::fsm] received question: IN apex-one.local
[[37mDEBUG[0m libmdns::fsm] received question: IN apex-one.local
[[37mDEBUG[0m libmdns::fsm] received question: IN awms-k00.local
[[37mDEBUG[0m libmdns::fsm] received question: IN awms-k00.local
[[37mDEBUG[0m libmdns::fsm] received question: IN awms-k00.local
[[37mDEBUG[0m libmdns::fsm] received question: IN awms-k00.local
[[37mDEBUG[0m libmdns::fsm] received question: IN awms-k00.local
[[37mDEBUG[0m libmdns::fsm] received question: IN awms-k00.local
[[37mDEBUG[0m libmdns::fsm] received question: IN awms-k00.local
[[37mDEBUG[0m libmdns::fsm] received question: IN awms-k00.local
[[37mDEBUG[0m libmdns::fsm] received question: IN awms-k00.local
[[37mDEBUG[0m libmdns::fsm] received question: IN awms-k00.local
[[37mDEBUG[0m libmdns::fsm] received question: IN awms-k00.local
[[37mDEBUG[0m libmdns::fsm] received question: IN awms-k00.local
[[37mDEBUG[0m libmdns::fsm] received question: IN printer2.local
[[37mDEBUG[0m libmdns::fsm] received question: IN printer2.local
[[37mDEBUG[0m libmdns::fsm] received question: IN printer2.local
[[37mDEBUG[0m libmdns::fsm] received question: IN printer2.local
[[37mDEBUG[0m libmdns::fsm] received question: IN awms-k00.local
[[37mDEBUG[0m libmdns::fsm] received question: IN awms-k00.local
[[37mDEBUG[0m libmdns::fsm] received question: IN awms-k00.local
[[37mDEBUG[0m libmdns::fsm] received question: IN awms-k00.local
[[37mDEBUG[0m libmdns::fsm] received question: IN awms-k00.local
[[37mDEBUG[0m libmdns::fsm] received question: IN awms-k00.local
[[37mDEBUG[0m libmdns::fsm] received question: IN awms-k00.local
[[37mDEBUG[0m libmdns::fsm] received question: IN awms-k00.local
[[37mDEBUG[0m libmdns::fsm] received question: IN awms-k00.local
[[37mDEBUG[0m libmdns::fsm] received question: IN printer2.local
[[37mDEBUG[0m libmdns::fsm] received question: IN printer2.local
[[37mDEBUG[0m libmdns::fsm] received question: IN printer2.local
[[37mDEBUG[0m libmdns::fsm] received question: IN _rdlink._tcp.local
[[37mDEBUG[0m libmdns::fsm] received question: IN _companion-link._tcp.local
[[37mDEBUG[0m libmdns::fsm] received question: IN lb._dns-sd._udp.local
[[37mDEBUG[0m libmdns::fsm] received question: IN _rdlink._tcp.local
[[37mDEBUG[0m libmdns::fsm] received question: IN _companion-link._tcp.local
[[37mDEBUG[0m libmdns::fsm] received question: IN lb._dns-sd._udp.local
[[37mDEBUG[0m libmdns::fsm] received question: IN printer2.local
[[37mDEBUG[0m libmdns::fsm] received question: IN printer2.local
[[37mDEBUG[0m libmdns::fsm] received question: IN printer2.local
[[37mDEBUG[0m libmdns::fsm] received question: IN printer2.local
[[37mDEBUG[0m libmdns::fsm] received question: IN printer2.local
[[37mDEBUG[0m libmdns::fsm] received question: IN printer2.local
[[37mDEBUG[0m libmdns::fsm] received question: IN printer2.local
[[37mDEBUG[0m libmdns::fsm] received question: IN printer2.local
[[37mDEBUG[0m libmdns::fsm] received question: IN printer2.local
[[37mDEBUG[0m libmdns::fsm] received question: IN printer2.local
[[37mDEBUG[0m libmdns::fsm] received question: IN printer2.local
[[37mDEBUG[0m libmdns::fsm] received question: IN printer2.local
[[37mDEBUG[0m libmdns::fsm] received question: IN _rdlink._tcp.local
[[37mDEBUG[0m libmdns::fsm] received question: IN _companion-link._tcp.local
[[37mDEBUG[0m libmdns::fsm] received question: IN lb._dns-sd._udp.local
[[37mDEBUG[0m libmdns::fsm] received question: IN _rdlink._tcp.local
[[37mDEBUG[0m libmdns::fsm] received question: IN _companion-link._tcp.local
[[37mDEBUG[0m libmdns::fsm] received question: IN lb._dns-sd._udp.local
[[37mDEBUG[0m libmdns::fsm] received question: IN printer2.local
[[37mDEBUG[0m libmdns::fsm] received question: IN printer2.local
[[37mDEBUG[0m libmdns::fsm] received question: IN printer2.local
[[37mDEBUG[0m libmdns::fsm] received question: IN printer2.local
[[37mDEBUG[0m libmdns::fsm] received question: IN printer2.local
[[37mDEBUG[0m libmdns::fsm] received question: IN printer2.local
[[37mDEBUG[0m libmdns::fsm] received question: IN _lyra-mdns._udp.local
[[37mDEBUG[0m libmdns::fsm] received question: IN _lyra-mdns._udp.local
[[37mDEBUG[0m libmdns::fsm] received question: IN _rdlink._tcp.local
[[37mDEBUG[0m libmdns::fsm] received question: IN _companion-link._tcp.local
[[37mDEBUG[0m libmdns::fsm] received question: IN lb._dns-sd._udp.local
[[37mDEBUG[0m libmdns::fsm] received question: IN _rdlink._tcp.local
[[37mDEBUG[0m libmdns::fsm] received question: IN _companion-link._tcp.local
[[37mDEBUG[0m libmdns::fsm] received question: IN lb._dns-sd._udp.local
[[37mDEBUG[0m libmdns::fsm] received question: IN printer2.local
[[37mDEBUG[0m libmdns::fsm] received question: IN printer2.local
[[37mDEBUG[0m libmdns::fsm] received question: IN printer2.local
[[37mDEBUG[0m libmdns::fsm] received question: IN printer2.local
[[37mDEBUG[0m libmdns::fsm] received question: IN awms-k00.local
[[37mDEBUG[0m libmdns::fsm] received question: IN awms-k00.local
[[37mDEBUG[0m libmdns::fsm] received question: IN awms-k00.local
[[37mDEBUG[0m libmdns::fsm] received question: IN awms-k00.local
[[37mDEBUG[0m libmdns::fsm] received question: IN apex-one.local
[[37mDEBUG[0m libmdns::fsm] received question: IN apex-one.local
[[37mDEBUG[0m libmdns::fsm] received question: IN apex-one.local
[[37mDEBUG[0m libmdns::fsm] received question: IN apex-one.local
[[37mDEBUG[0m libmdns::fsm] received question: IN printer2.local
[[37mDEBUG[0m libmdns::fsm] received question: IN printer2.local
[[37mDEBUG[0m libmdns::fsm] received question: IN awms-k00.local
[[37mDEBUG[0m libmdns::fsm] received question: IN awms-k00.local
[[37mDEBUG[0m libmdns::fsm] received question: IN awms-k00.local
[[37mDEBUG[0m libmdns::fsm] received question: IN awms-k00.local
[[37mDEBUG[0m libmdns::fsm] received question: IN apex-one.local
[[37mDEBUG[0m libmdns::fsm] received question: IN apex-one.local
[[37mDEBUG[0m libmdns::fsm] received question: IN apex-one.local
[[37mDEBUG[0m libmdns::fsm] received question: IN apex-one.local
[[37mDEBUG[0m libmdns::fsm] received question: IN printer2.local
[[37mDEBUG[0m libmdns::fsm] received question: IN printer2.local
[[37mDEBUG[0m libmdns::fsm] received question: IN printer2.local
[[37mDEBUG[0m libmdns::fsm] received question: IN printer2.local
[[37mDEBUG[0m libmdns::fsm] received question: IN awms-k00.local
[[37mDEBUG[0m libmdns::fsm] received question: IN awms-k00.local
[[37mDEBUG[0m libmdns::fsm] received question: IN awms-k00.local
[[37mDEBUG[0m libmdns::fsm] received question: IN awms-k00.local
[[37mDEBUG[0m libmdns::fsm] received question: IN printer2.local
[[37mDEBUG[0m libmdns::fsm] received question: IN printer2.local
[[37mDEBUG[0m libmdns::fsm] received question: IN printer2.local
[[37mDEBUG[0m libmdns::fsm] received question: IN printer2.local
[[37mDEBUG[0m libmdns::fsm] received question: IN awms-k00.local
[[37mDEBUG[0m libmdns::fsm] received question: IN awms-k00.local
[[37mDEBUG[0m libmdns::fsm] received question: IN awms-k00.local
[[37mDEBUG[0m libmdns::fsm] received question: IN awms-k00.local
[[37mDEBUG[0m libmdns::fsm] received question: IN awms-k00.local
[[37mDEBUG[0m libmdns::fsm] received question: IN awms-k00.local
[[37mDEBUG[0m libmdns::fsm] received question: IN awms-k00.local
[[37mDEBUG[0m libmdns::fsm] received question: IN awms-k00.local
[[37mDEBUG[0m libmdns::fsm] received question: IN awms-k00.local
[[37mDEBUG[0m libmdns::fsm] received question: IN awms-k00.local
[[37mDEBUG[0m libmdns::fsm] received question: IN apex-one.local
[[37mDEBUG[0m libmdns::fsm] received question: IN apex-one.local
[[37mDEBUG[0m libmdns::fsm] received question: IN apex-one.local
[[37mDEBUG[0m libmdns::fsm] received question: IN apex-one.local
[[37mDEBUG[0m libmdns::fsm] received question: IN _rdlink._tcp.local
[[37mDEBUG[0m libmdns::fsm] received question: IN _companion-link._tcp.local
[[37mDEBUG[0m libmdns::fsm] received question: IN lb._dns-sd._udp.local
[[37mDEBUG[0m libmdns::fsm] received question: IN _rdlink._tcp.local
[[37mDEBUG[0m libmdns::fsm] received question: IN _companion-link._tcp.local
[[37mDEBUG[0m libmdns::fsm] received question: IN lb._dns-sd._udp.local
[[37mDEBUG[0m libmdns::fsm] received question: IN awms-k00.local
[[37mDEBUG[0m libmdns::fsm] received question: IN awms-k00.local
[[37mDEBUG[0m libmdns::fsm] received question: IN awms-k00.local
[[37mDEBUG[0m libmdns::fsm] received question: IN awms-k00.local
[[37mDEBUG[0m libmdns::fsm] received question: IN apex-one.local
[[37mDEBUG[0m libmdns::fsm] received question: IN apex-one.local
[[37mDEBUG[0m libmdns::fsm] received question: IN apex-one.local
[[37mDEBUG[0m libmdns::fsm] received question: IN apex-one.local
[[37mDEBUG[0m libmdns::fsm] received question: IN _lyra-mdns._udp.local
[[37mDEBUG[0m libmdns::fsm] received question: IN _lyra-mdns._udp.local
[[37mDEBUG[0m libmdns::fsm] received question: IN awms-k00.local
[[37mDEBUG[0m libmdns::fsm] received question: IN awms-k00.local
[[37mDEBUG[0m libmdns::fsm] received question: IN awms-k00.local
[[37mDEBUG[0m libmdns::fsm] received question: IN awms-k00.local
[[37mDEBUG[0m libmdns::fsm] received question: IN Awms-K00.local
[[37mDEBUG[0m libmdns::fsm] received question: IN Awms-K00.local
[[37mDEBUG[0m libmdns::fsm] received question: IN Awms-K00.local
[[37mDEBUG[0m libmdns::fsm] received question: IN Awms-K00.local
[[37mDEBUG[0m libmdns::fsm] received question: IN awms-k00.local
[[37mDEBUG[0m libmdns::fsm] received question: IN awms-k00.local
[[37mDEBUG[0m libmdns::fsm] received question: IN awms-k00.local
[[37mDEBUG[0m libmdns::fsm] received question: IN awms-k00.local
[[37mDEBUG[0m libmdns::fsm] received question: IN awms-k00.local
[[37mDEBUG[0m libmdns::fsm] received question: IN awms-k00.local
[[37mDEBUG[0m libmdns::fsm] received question: IN awms-k00.local
[[37mDEBUG[0m libmdns::fsm] received question: IN awms-k00.local
[[37mDEBUG[0m libmdns::fsm] received question: IN awms-k00.local
[[37mDEBUG[0m libmdns::fsm] received question: IN awms-k00.local
[[37mDEBUG[0m libmdns::fsm] received question: IN awms-k00.local
[[37mDEBUG[0m libmdns::fsm] received question: IN awms-k00.local
[[37mDEBUG[0m libmdns::fsm] received question: IN awms-k00.local
[[37mDEBUG[0m libmdns::fsm] received question: IN awms-k00.local
[[37mDEBUG[0m libmdns::fsm] received question: IN awms-k00.local
[[37mDEBUG[0m libmdns::fsm] received question: IN awms-k00.local
[[37mDEBUG[0m libmdns::fsm] received question: IN awms-k00.local
[[37mDEBUG[0m libmdns::fsm] received question: IN awms-k00.local
[[37mDEBUG[0m libmdns::fsm] received question: IN awms-k00.local
[[37mDEBUG[0m libmdns::fsm] received question: IN awms-k00.local
[[37mDEBUG[0m libmdns::fsm] received question: IN awms-k00.local
[[37mDEBUG[0m libmdns::fsm] received question: IN awms-k00.local
[[37mDEBUG[0m libmdns::fsm] received question: IN awms-k00.local
[[37mDEBUG[0m libmdns::fsm] received question: IN awms-k00.local
[[37mDEBUG[0m libmdns::fsm] received question: IN awms-k00.local
[[37mDEBUG[0m libmdns::fsm] received question: IN awms-k00.local
[[37mDEBUG[0m libmdns::fsm] received question: IN awms-k00.local
[[37mDEBUG[0m libmdns::fsm] received question: IN awms-k00.local
[[37mDEBUG[0m libmdns::fsm] received question: IN awms-s00.local
[[37mDEBUG[0m libmdns::fsm] received question: IN awms-s00.local
[[37mDEBUG[0m libmdns::fsm] received question: IN awms-s00.local
[[37mDEBUG[0m libmdns::fsm] received question: IN awms-s00.local
[[37mDEBUG[0m libmdns::fsm] received question: IN awms-k00.local
[[37mDEBUG[0m libmdns::fsm] received question: IN awms-k00.local
[[37mDEBUG[0m libmdns::fsm] received question: IN awms-k00.local
[[37mDEBUG[0m libmdns::fsm] received question: IN awms-k00.local
[[37mDEBUG[0m libmdns::fsm] received question: IN awms-s00.local
[[37mDEBUG[0m libmdns::fsm] received question: IN awms-s00.local
[[37mDEBUG[0m libmdns::fsm] received question: IN awms-k00.local
[[37mDEBUG[0m libmdns::fsm] received question: IN awms-k00.local
[[37mDEBUG[0m libmdns::fsm] received question: IN awms-k00.local
[[37mDEBUG[0m libmdns::fsm] received question: IN awms-k00.local
[[37mDEBUG[0m libmdns::fsm] received question: IN apex-one.local
[[37mDEBUG[0m libmdns::fsm] received question: IN apex-one.local
[[37mDEBUG[0m libmdns::fsm] received question: IN apex-one.local
[[37mDEBUG[0m libmdns::fsm] received question: IN apex-one.local
[[37mDEBUG[0m libmdns::fsm] received question: IN _mi-connect._udp.local
[[37mDEBUG[0m libmdns::fsm] received question: IN _mi-connect._udp.local
[[37mDEBUG[0m libmdns::fsm] received question: IN _mi-connect._udp.local
[[37mDEBUG[0m libmdns::fsm] received question: IN _mi-connect._udp.local
[[37mDEBUG[0m libmdns::fsm] received question: IN _lyra-mdns._udp.local
[[37mDEBUG[0m libmdns::fsm] received question: IN _lyra-mdns._udp.local
[[37mDEBUG[0m libmdns::fsm] received question: IN apex-one.local
[[37mDEBUG[0m libmdns::fsm] received question: IN apex-one.local
[[37mDEBUG[0m libmdns::fsm] received question: IN apex-one.local
[[37mDEBUG[0m libmdns::fsm] received question: IN apex-one.local
[[37mDEBUG[0m libmdns::fsm] received question: IN _mi-connect._udp.local
[[37mDEBUG[0m libmdns::fsm] received question: IN _mi-connect._udp.local
[[37mDEBUG[0m libmdns::fsm] received question: IN _lyra-mdns._udp.local
[[37mDEBUG[0m libmdns::fsm] received question: IN _lyra-mdns._udp.local
[[37mDEBUG[0m libmdns::fsm] received question: IN _lyra-mdns._udp.local
[[37mDEBUG[0m libmdns::fsm] received question: IN _lyra-mdns._udp.local
[[37mDEBUG[0m libmdns::fsm] received question: IN _lyra-mdns._udp.local
[[37mDEBUG[0m libmdns::fsm] received question: IN _lyra-mdns._udp.local
[[37mDEBUG[0m libmdns::fsm] received question: IN awms-k00.local
[[37mDEBUG[0m libmdns::fsm] received question: IN awms-k00.local
[[37mDEBUG[0m libmdns::fsm] received question: IN awms-k00.local
[[37mDEBUG[0m libmdns::fsm] received question: IN awms-k00.local
[[37mDEBUG[0m libmdns::fsm] received question: IN apex-one.local
[[37mDEBUG[0m libmdns::fsm] received question: IN apex-one.local
[[37mDEBUG[0m libmdns::fsm] received question: IN apex-one.local
[[37mDEBUG[0m libmdns::fsm] received question: IN apex-one.local
[[37mDEBUG[0m libmdns::fsm] received question: IN awms-s00.local
[[37mDEBUG[0m libmdns::fsm] received question: IN awms-s00.local
[[37mDEBUG[0m libmdns::fsm] received question: IN awms-s00.local
[[37mDEBUG[0m libmdns::fsm] received question: IN awms-s00.local
[[37mDEBUG[0m libmdns::fsm] received question: IN awms-k00.local
[[37mDEBUG[0m libmdns::fsm] received question: IN awms-k00.local
[[37mDEBUG[0m libmdns::fsm] received question: IN awms-k00.local
[[37mDEBUG[0m libmdns::fsm] received question: IN awms-k00.local
[[37mDEBUG[0m libmdns::fsm] received question: IN apex-one.local
[[37mDEBUG[0m libmdns::fsm] received question: IN apex-one.local
[[37mDEBUG[0m libmdns::fsm] received question: IN apex-one.local
[[37mDEBUG[0m libmdns::fsm] received question: IN apex-one.local
[[37mDEBUG[0m libmdns::fsm] received question: IN awms-k00.local
[[37mDEBUG[0m libmdns::fsm] received question: IN awms-k00.local
[[37mDEBUG[0m libmdns::fsm] received question: IN awms-k00.local
[[37mDEBUG[0m libmdns::fsm] received question: IN awms-k00.local
[[37mDEBUG[0m libmdns::fsm] received question: IN awms-k00.local
[[37mDEBUG[0m libmdns::fsm] received question: IN awms-k00.local
[[37mDEBUG[0m libmdns::fsm] received question: IN awms-k00.local
[[37mDEBUG[0m libmdns::fsm] received question: IN awms-k00.local
[[37mDEBUG[0m libmdns::fsm] received question: IN awms-k00.local
[[37mDEBUG[0m libmdns::fsm] received question: IN awms-k00.local
[[37mDEBUG[0m libmdns::fsm] received question: IN awms-k00.local
[[37mDEBUG[0m libmdns::fsm] received question: IN awms-k00.local
[[37mDEBUG[0m libmdns::fsm] received question: IN awms-k00.local
[[37mDEBUG[0m libmdns::fsm] received question: IN awms-k00.local
[[37mDEBUG[0m libmdns::fsm] received question: IN awms-k00.local
[[37mDEBUG[0m libmdns::fsm] received question: IN awms-k00.local
[[37mDEBUG[0m libmdns::fsm] received question: IN awms-s00.local
[[37mDEBUG[0m libmdns::fsm] received question: IN awms-s00.local
[[37mDEBUG[0m libmdns::fsm] received question: IN awms-s00.local
[[37mDEBUG[0m libmdns::fsm] received question: IN awms-s00.local
[[37mDEBUG[0m libmdns::fsm] received question: IN awms-k00.local
[[37mDEBUG[0m libmdns::fsm] received question: IN awms-k00.local
[[37mDEBUG[0m libmdns::fsm] received question: IN awms-k00.local
[[37mDEBUG[0m libmdns::fsm] received question: IN awms-k00.local
[[37mDEBUG[0m libmdns::fsm] received question: IN awms-k00.local
[[37mDEBUG[0m libmdns::fsm] received question: IN awms-k00.local
[[37mDEBUG[0m libmdns::fsm] received question: IN awms-k00.local
[[37mDEBUG[0m libmdns::fsm] received question: IN awms-k00.local
[[37mDEBUG[0m libmdns::fsm] received question: IN _companion-link._tcp.local
[[37mDEBUG[0m libmdns::fsm] received question: IN _rdlink._tcp.local
[[37mDEBUG[0m libmdns::fsm] received question: IN _companion-link._tcp.local
[[37mDEBUG[0m libmdns::fsm] received question: IN _rdlink._tcp.local
[[37mDEBUG[0m libmdns::fsm] received question: IN awms-k00.local
[[37mDEBUG[0m libmdns::fsm] received question: IN awms-k00.local
[[37mDEBUG[0m libmdns::fsm] received question: IN awms-k00.local
[[37mDEBUG[0m libmdns::fsm] received question: IN awms-k00.local
[[37mDEBUG[0m libmdns::fsm] received question: IN awms-s00.local
[[37mDEBUG[0m libmdns::fsm] received question: IN awms-s00.local
[[37mDEBUG[0m libmdns::fsm] received question: IN awms-s00.local
[[37mDEBUG[0m libmdns::fsm] received question: IN awms-s00.local
[[37mDEBUG[0m libmdns::fsm] received question: IN _companion-link._tcp.local
[[37mDEBUG[0m libmdns::fsm] received question: IN _rdlink._tcp.local
[[37mDEBUG[0m libmdns::fsm] received question: IN _companion-link._tcp.local
[[37mDEBUG[0m libmdns::fsm] received question: IN _rdlink._tcp.local
[[37mDEBUG[0m libmdns::fsm] received question: IN awms-k00.local
[[37mDEBUG[0m libmdns::fsm] received question: IN awms-k00.local
[[37mDEBUG[0m libmdns::fsm] received question: IN awms-k00.local
[[37mDEBUG[0m libmdns::fsm] received question: IN awms-k00.local
[[37mDEBUG[0m libmdns::fsm] received question: IN awms-s00.local
[[37mDEBUG[0m libmdns::fsm] received question: IN awms-s00.local
[[37mDEBUG[0m libmdns::fsm] received question: IN awms-s00.local
[[37mDEBUG[0m libmdns::fsm] received question: IN awms-s00.local
[[37mDEBUG[0m libmdns::fsm] received question: IN awms-k00.local
[[37mDEBUG[0m libmdns::fsm] received question: IN awms-k00.local
[[37mDEBUG[0m libmdns::fsm] received question: IN awms-k00.local
[[37mDEBUG[0m libmdns::fsm] received question: IN awms-k00.local
[[37mDEBUG[0m libmdns::fsm] received question: IN awms-s00.local
[[37mDEBUG[0m libmdns::fsm] received question: IN awms-s00.local
[[37mDEBUG[0m libmdns::fsm] received question: IN awms-s00.local
[[37mDEBUG[0m libmdns::fsm] received question: IN awms-s00.local
[[37mDEBUG[0m libmdns::fsm] received question: IN _companion-link._tcp.local
[[37mDEBUG[0m libmdns::fsm] received question: IN _rdlink._tcp.local
[[37mDEBUG[0m libmdns::fsm] received question: IN _companion-link._tcp.local
[[37mDEBUG[0m libmdns::fsm] received question: IN _rdlink._tcp.local
[[37mDEBUG[0m libmdns::fsm] received question: IN awms-k00.local
[[37mDEBUG[0m libmdns::fsm] received question: IN awms-k00.local
[[37mDEBUG[0m libmdns::fsm] received question: IN printer2.local
[[37mDEBUG[0m libmdns::fsm] received question: IN printer2.local
[[37mDEBUG[0m libmdns::fsm] received question: IN printer2.local
[[37mDEBUG[0m libmdns::fsm] received question: IN printer2.local
[[37mDEBUG[0m libmdns::fsm] received question: IN apex-one.local
[[37mDEBUG[0m libmdns::fsm] received question: IN apex-one.local
[[37mDEBUG[0m libmdns::fsm] received question: IN apex-one.local
[[37mDEBUG[0m libmdns::fsm] received question: IN apex-one.local
[[37mDEBUG[0m libmdns::fsm] received question: IN printer2.local
[[37mDEBUG[0m libmdns::fsm] received question: IN printer2.local
[[37mDEBUG[0m libmdns::fsm] received question: IN printer2.local
[[37mDEBUG[0m libmdns::fsm] received question: IN printer2.local
[[37mDEBUG[0m libmdns::fsm] received question: IN _mi-connect._udp.local
[[37mDEBUG[0m libmdns::fsm] received question: IN _mi-connect._udp.local
[[37mDEBUG[0m libmdns::fsm] received question: IN _mi-connect._udp.local
[[37mDEBUG[0m libmdns::fsm] received question: IN _mi-connect._udp.local
[[37mDEBUG[0m libmdns::fsm] received question: IN printer2.local
[[37mDEBUG[0m libmdns::fsm] received question: IN printer2.local
[[37mDEBUG[0m libmdns::fsm] received question: IN printer2.local
[[37mDEBUG[0m libmdns::fsm] received question: IN printer2.local
[[37mDEBUG[0m libmdns::fsm] received question: IN _lyra-mdns._udp.local
[[37mDEBUG[0m libmdns::fsm] received question: IN _lyra-mdns._udp.local
[[37mDEBUG[0m libmdns::fsm] received question: IN awms-k00.local
[[37mDEBUG[0m libmdns::fsm] received question: IN awms-k00.local
[[37mDEBUG[0m libmdns::fsm] received question: IN awms-k00.local
[[37mDEBUG[0m libmdns::fsm] received question: IN awms-k00.local
[[37mDEBUG[0m libmdns::fsm] received question: IN printer2.local
[[37mDEBUG[0m libmdns::fsm] received question: IN printer2.local
[[37mDEBUG[0m libmdns::fsm] received question: IN printer2.local
[[37mDEBUG[0m libmdns::fsm] received question: IN printer2.local
[[37mDEBUG[0m libmdns::fsm] received question: IN printer2.local
[[37mDEBUG[0m libmdns::fsm] received question: IN printer2.local
[[37mDEBUG[0m libmdns::fsm] received question: IN apex-one.local
[[37mDEBUG[0m libmdns::fsm] received question: IN apex-one.local
[[37mDEBUG[0m libmdns::fsm] received question: IN apex-one.local
[[37mDEBUG[0m libmdns::fsm] received question: IN apex-one.local
[[37mDEBUG[0m libmdns::fsm] received question: IN _mi-connect._udp.local
[[37mDEBUG[0m libmdns::fsm] received question: IN _mi-connect._udp.local
[[37mDEBUG[0m libmdns::fsm] received question: IN _lyra-mdns._udp.local
[[37mDEBUG[0m libmdns::fsm] received question: IN _lyra-mdns._udp.local
[[37mDEBUG[0m libmdns::fsm] received question: IN awms-k00.local
[[37mDEBUG[0m libmdns::fsm] received question: IN awms-k00.local
[[37mDEBUG[0m libmdns::fsm] received question: IN awms-k00.local
[[37mDEBUG[0m libmdns::fsm] received question: IN awms-k00.local
[[37mDEBUG[0m libmdns::fsm] received question: IN printer2.local
[[37mDEBUG[0m libmdns::fsm] received question: IN printer2.local
[[37mDEBUG[0m libmdns::fsm] received question: IN printer2.local
[[37mDEBUG[0m libmdns::fsm] received question: IN printer2.local
[[37mDEBUG[0m libmdns::fsm] received question: IN printer2.local
[[37mDEBUG[0m libmdns::fsm] received question: IN printer2.local
[[37mDEBUG[0m libmdns::fsm] received question: IN printer2.local
[[37mDEBUG[0m libmdns::fsm] received question: IN printer2.local
[[37mDEBUG[0m libmdns::fsm] received question: IN awms-k00.local
[[37mDEBUG[0m libmdns::fsm] received question: IN awms-k00.local
[[37mDEBUG[0m libmdns::fsm] received question: IN awms-k00.local
[[37mDEBUG[0m libmdns::fsm] received question: IN awms-k00.local
[[37mDEBUG[0m libmdns::fsm] received question: IN awms-k00.local
[[37mDEBUG[0m libmdns::fsm] received question: IN awms-k00.local
[[37mDEBUG[0m libmdns::fsm] received question: IN awms-k00.local
[[37mDEBUG[0m libmdns::fsm] received question: IN awms-k00.local
[[37mDEBUG[0m libmdns::fsm] received question: IN Awms-K00.local
[[37mDEBUG[0m libmdns::fsm] received question: IN Awms-K00.local
[[37mDEBUG[0m libmdns::fsm] received question: IN Awms-K00.local
[[37mDEBUG[0m libmdns::fsm] received question: IN Awms-K00.local
[[37mDEBUG[0m libmdns::fsm] received question: IN _mi-connect._udp.local
[[37mDEBUG[0m libmdns::fsm] received question: IN _mi-connect._udp.local
[[37mDEBUG[0m libmdns::fsm] received question: IN _lyra-mdns._udp.local
[[37mDEBUG[0m libmdns::fsm] received question: IN _lyra-mdns._udp.local
[[37mDEBUG[0m libmdns::fsm] received question: IN awms-k00.local
[[37mDEBUG[0m libmdns::fsm] received question: IN awms-k00.local
[[37mDEBUG[0m libmdns::fsm] received question: IN awms-k00.local
[[37mDEBUG[0m libmdns::fsm] received question: IN awms-k00.local
[[37mDEBUG[0m libmdns::fsm] received question: IN awms-k00.local
[[37mDEBUG[0m libmdns::fsm] received question: IN awms-k00.local
[[37mDEBUG[0m libmdns::fsm] received question: IN awms-k00.local
[[37mDEBUG[0m libmdns::fsm] received question: IN awms-k00.local
[[37mDEBUG[0m libmdns::fsm] received question: IN awms-k00.local
[[37mDEBUG[0m libmdns::fsm] received question: IN awms-k00.local
[[37mDEBUG[0m libmdns::fsm] received question: IN awms-k00.local
[[37mDEBUG[0m libmdns::fsm] received question: IN awms-k00.local
[[37mDEBUG[0m libmdns::fsm] received question: IN awms-k00.local
[[37mDEBUG[0m libmdns::fsm] received question: IN awms-k00.local
[[37mDEBUG[0m libmdns::fsm] received question: IN awms-k00.local
[[37mDEBUG[0m libmdns::fsm] received question: IN awms-k00.local
[[37mDEBUG[0m libmdns::fsm] received question: IN awms-k00.local
[[37mDEBUG[0m libmdns::fsm] received question: IN awms-k00.local
[[37mDEBUG[0m libmdns::fsm] received question: IN awms-k00.local
[[37mDEBUG[0m libmdns::fsm] received question: IN awms-k00.local
[[37mDEBUG[0m libmdns::fsm] received question: IN printer2.local
[[37mDEBUG[0m libmdns::fsm] received question: IN printer2.local
[[37mDEBUG[0m libmdns::fsm] received question: IN printer2.local
[[37mDEBUG[0m libmdns::fsm] received question: IN printer2.local
[[37mDEBUG[0m libmdns::fsm] received question: IN printer2.local
[[37mDEBUG[0m libmdns::fsm] received question: IN awms-k00.local
[[37mDEBUG[0m libmdns::fsm] received question: IN printer2.local
[[37mDEBUG[0m libmdns::fsm] received question: IN printer2.local
[[37mDEBUG[0m libmdns::fsm] received question: IN awms-k00.local
[[37mDEBUG[0m libmdns::fsm] received question: IN awms-k00.local
[[37mDEBUG[0m libmdns::fsm] received question: IN awms-k00.local
[[37mDEBUG[0m libmdns::fsm] received question: IN awms-k00.local
[[37mDEBUG[0m libmdns::fsm] received question: IN awms-k00.local
[[37mDEBUG[0m libmdns::fsm] received question: IN awms-k00.local
[[37mDEBUG[0m libmdns::fsm] received question: IN awms-k00.local
[[37mDEBUG[0m libmdns::fsm] received question: IN awms-k00.local
[[37mDEBUG[0m libmdns::fsm] received question: IN awms-k00.local
[[37mDEBUG[0m libmdns::fsm] received question: IN awms-k00.local
[[37mDEBUG[0m libmdns::fsm] received question: IN awms-k00.local
[[37mDEBUG[0m libmdns::fsm] received question: IN awms-k00.local
[[37mDEBUG[0m libmdns::fsm] received question: IN awms-k00.local
[[37mDEBUG[0m libmdns::fsm] received question: IN awms-k00.local
[[37mDEBUG[0m libmdns::fsm] received question: IN awms-k00.local
[[37mDEBUG[0m libmdns::fsm] received question: IN awms-k00.local
[[37mDEBUG[0m libmdns::fsm] received question: IN awms-k00.local
[[37mDEBUG[0m libmdns::fsm] received question: IN _googlecast._tcp.local
[[37mDEBUG[0m libmdns::fsm] received question: IN _googlecast._tcp.local
[[37mDEBUG[0m libmdns::fsm] received question: IN _googlecast._tcp.local
[[37mDEBUG[0m libmdns::fsm] received question: IN awms-k00.local
[[37mDEBUG[0m libmdns::fsm] received question: IN awms-k00.local
[[37mDEBUG[0m libmdns::fsm] received question: IN awms-k00.local
[[37mDEBUG[0m libmdns::fsm] received question: IN awms-k00.local
[[37mDEBUG[0m libmdns::fsm] received question: IN awms-k00.local
[[37mDEBUG[0m libmdns::fsm] received question: IN awms-k00.local
[[37mDEBUG[0m libmdns::fsm] received question: IN awms-k00.local
[[37mDEBUG[0m libmdns::fsm] received question: IN awms-k00.local
[[37mDEBUG[0m libmdns::fsm] received question: IN awms-k00.local
[[37mDEBUG[0m libmdns::fsm] received question: IN awms-k00.local
[[37mDEBUG[0m libmdns::fsm] received question: IN awms-k00.local
[[37mDEBUG[0m libmdns::fsm] received question: IN awms-k00.local
[[37mDEBUG[0m libmdns::fsm] received question: IN apex-one.local
[[37mDEBUG[0m libmdns::fsm] received question: IN apex-one.local
[[37mDEBUG[0m libmdns::fsm] received question: IN apex-one.local
[[37mDEBUG[0m libmdns::fsm] received question: IN apex-one.local
[[37mDEBUG[0m libmdns::fsm] received question: IN _googlecast._tcp.local
[[37mDEBUG[0m libmdns::fsm] received question: IN _googlecast._tcp.local
[[37mDEBUG[0m libmdns::fsm] received question: IN _googlecast._tcp.local
[[37mDEBUG[0m libmdns::fsm] received question: IN _googlecast._tcp.local
[[37mDEBUG[0m libmdns::fsm] received question: IN printer2.local
[[37mDEBUG[0m libmdns::fsm] received question: IN printer2.local
[[37mDEBUG[0m libmdns::fsm] received question: IN printer2.local
[[37mDEBUG[0m libmdns::fsm] received question: IN printer2.local
[[37mDEBUG[0m libmdns::fsm] received question: IN _companion-link._tcp.local
[[37mDEBUG[0m libmdns::fsm] received question: IN _rdlink._tcp.local
[[37mDEBUG[0m libmdns::fsm] received question: IN _companion-link._tcp.local
[[37mDEBUG[0m libmdns::fsm] received question: IN _rdlink._tcp.local
[[37mDEBUG[0m libmdns::fsm] received question: IN apex-one.local
[[37mDEBUG[0m libmdns::fsm] received question: IN apex-one.local
[[37mDEBUG[0m libmdns::fsm] received question: IN apex-one.local
[[37mDEBUG[0m libmdns::fsm] received question: IN apex-one.local
[[37mDEBUG[0m libmdns::fsm] received question: IN awms-k00.local
[[37mDEBUG[0m libmdns::fsm] received question: IN awms-k00.local
[[37mDEBUG[0m libmdns::fsm] received question: IN awms-k00.local
[[37mDEBUG[0m libmdns::fsm] received question: IN awms-k00.local
[[37mDEBUG[0m libmdns::fsm] received question: IN printer2.local
[[37mDEBUG[0m libmdns::fsm] received question: IN printer2.local
[[37mDEBUG[0m libmdns::fsm] received question: IN printer2.local
[[37mDEBUG[0m libmdns::fsm] received question: IN printer2.local
[[37mDEBUG[0m libmdns::fsm] received question: IN _googlecast._tcp.local
[[37mDEBUG[0m libmdns::fsm] received question: IN _googlecast._tcp.local
[[37mDEBUG[0m libmdns::fsm] received question: IN _googlecast._tcp.local
[[37mDEBUG[0m libmdns::fsm] received question: IN _googlecast._tcp.local
[[37mDEBUG[0m libmdns::fsm] received question: IN awms-k00.local
[[37mDEBUG[0m libmdns::fsm] received question: IN awms-k00.local
[[37mDEBUG[0m libmdns::fsm] received question: IN awms-k00.local
[[37mDEBUG[0m libmdns::fsm] received question: IN awms-k00.local
[[37mDEBUG[0m libmdns::fsm] received question: IN _lyra-mdns._udp.local
[[37mDEBUG[0m libmdns::fsm] received question: IN _lyra-mdns._udp.local
[[37mDEBUG[0m libmdns::fsm] received question: IN awms-k00.local
[[37mDEBUG[0m libmdns::fsm] received question: IN awms-k00.local
[[37mDEBUG[0m libmdns::fsm] received question: IN awms-k00.local
[[37mDEBUG[0m libmdns::fsm] received question: IN awms-k00.local
[[37mDEBUG[0m libmdns::fsm] received question: IN awms-k00.local
[[37mDEBUG[0m libmdns::fsm] received question: IN awms-k00.local
[[37mDEBUG[0m libmdns::fsm] received question: IN awms-k00.local
[[37mDEBUG[0m libmdns::fsm] received question: IN awms-k00.local
[[37mDEBUG[0m libmdns::fsm] received question: IN apex-one.local
[[37mDEBUG[0m libmdns::fsm] received question: IN apex-one.local
[[37mDEBUG[0m libmdns::fsm] received question: IN apex-one.local
[[37mDEBUG[0m libmdns::fsm] received question: IN apex-one.local
[[37mDEBUG[0m libmdns::fsm] received question: IN awms-k00.local
[[37mDEBUG[0m libmdns::fsm] received question: IN awms-k00.local
[[37mDEBUG[0m libmdns::fsm] received question: IN awms-k00.local
[[37mDEBUG[0m libmdns::fsm] received question: IN awms-k00.local
[[37mDEBUG[0m libmdns::fsm] received question: IN awms-s00.local
[[37mDEBUG[0m libmdns::fsm] received question: IN awms-s00.local
[[37mDEBUG[0m libmdns::fsm] received question: IN awms-s00.local
[[37mDEBUG[0m libmdns::fsm] received question: IN awms-s00.local
[[37mDEBUG[0m libmdns::fsm] received question: IN printer2.local
[[37mDEBUG[0m libmdns::fsm] received question: IN printer2.local
[[37mDEBUG[0m libmdns::fsm] received question: IN printer2.local
[[37mDEBUG[0m libmdns::fsm] received question: IN printer2.local
[[37mDEBUG[0m libmdns::fsm] received question: IN awms-s00.local
[[37mDEBUG[0m libmdns::fsm] received question: IN awms-s00.local
[[37mDEBUG[0m libmdns::fsm] received question: IN awms-s00.local
[[37mDEBUG[0m libmdns::fsm] received question: IN awms-s00.local
[[37mDEBUG[0m libmdns::fsm] received question: IN awms-k00.local
[[37mDEBUG[0m libmdns::fsm] received question: IN awms-k00.local
[[37mDEBUG[0m libmdns::fsm] received question: IN awms-k00.local
[[37mDEBUG[0m libmdns::fsm] received question: IN awms-k00.local
[[37mDEBUG[0m libmdns::fsm] received question: IN printer2.local
[[37mDEBUG[0m libmdns::fsm] received question: IN printer2.local
[[37mDEBUG[0m libmdns::fsm] received question: IN printer2.local
[[37mDEBUG[0m libmdns::fsm] received question: IN printer2.local
[[37mDEBUG[0m libmdns::fsm] received question: IN awms-k00.local
[[37mDEBUG[0m libmdns::fsm] received question: IN awms-k00.local
[[37mDEBUG[0m libmdns::fsm] received question: IN awms-k00.local
[[37mDEBUG[0m libmdns::fsm] received question: IN awms-k00.local
[[37mDEBUG[0m libmdns::fsm] received question: IN apex-one.local
[[37mDEBUG[0m libmdns::fsm] received question: IN apex-one.local
[[37mDEBUG[0m libmdns::fsm] received question: IN apex-one.local
[[37mDEBUG[0m libmdns::fsm] received question: IN apex-one.local
[[37mDEBUG[0m libmdns::fsm] received question: IN awms-s00.local
[[37mDEBUG[0m libmdns::fsm] received question: IN awms-s00.local
[[37mDEBUG[0m libmdns::fsm] received question: IN awms-k00.local
[[37mDEBUG[0m libmdns::fsm] received question: IN awms-k00.local
[[37mDEBUG[0m libmdns::fsm] received question: IN awms-k00.local
[[37mDEBUG[0m libmdns::fsm] received question: IN awms-k00.local
[[37mDEBUG[0m libmdns::fsm] received question: IN awms-s00.local
[[37mDEBUG[0m libmdns::fsm] received question: IN awms-s00.local
[[37mDEBUG[0m libmdns::fsm] received question: IN printer2.local
[[37mDEBUG[0m libmdns::fsm] received question: IN printer2.local
[[37mDEBUG[0m libmdns::fsm] received question: IN printer2.local
[[37mDEBUG[0m libmdns::fsm] received question: IN printer2.local
[[37mDEBUG[0m libmdns::fsm] received question: IN awms-k00.local
[[37mDEBUG[0m libmdns::fsm] received question: IN awms-k00.local
[[37mDEBUG[0m libmdns::fsm] received question: IN awms-k00.local
[[37mDEBUG[0m libmdns::fsm] received question: IN awms-k00.local
[[37mDEBUG[0m libmdns::fsm] received question: IN awms-k00.local
[[37mDEBUG[0m libmdns::fsm] received question: IN awms-k00.local
[[37mDEBUG[0m libmdns::fsm] received question: IN awms-k00.local
[[37mDEBUG[0m libmdns::fsm] received question: IN awms-k00.local
[[37mDEBUG[0m libmdns::fsm] received question: IN awms-s00.local
[[37mDEBUG[0m libmdns::fsm] received question: IN awms-s00.local
[[37mDEBUG[0m libmdns::fsm] received question: IN awms-s00.local
[[37mDEBUG[0m libmdns::fsm] received question: IN awms-s00.local
[[37mDEBUG[0m libmdns::fsm] received question: IN awms-k00.local
[[37mDEBUG[0m libmdns::fsm] received question: IN awms-k00.local
[[37mDEBUG[0m libmdns::fsm] received question: IN awms-s00.local
[[37mDEBUG[0m libmdns::fsm] received question: IN awms-s00.local
[[37mDEBUG[0m libmdns::fsm] received question: IN awms-k00.local
[[37mDEBUG[0m libmdns::fsm] received question: IN awms-k00.local
[[37mDEBUG[0m libmdns::fsm] received question: IN awms-k00.local
[[37mDEBUG[0m libmdns::fsm] received question: IN awms-k00.local
[[37mDEBUG[0m libmdns::fsm] received question: IN awms-s00.local
[[37mDEBUG[0m libmdns::fsm] received question: IN awms-s00.local
[[37mDEBUG[0m libmdns::fsm] received question: IN awms-s00.local
[[37mDEBUG[0m libmdns::fsm] received question: IN awms-s00.local
[[37mDEBUG[0m libmdns::fsm] received question: IN awms-k00.local
[[37mDEBUG[0m libmdns::fsm] received question: IN awms-k00.local
[[37mDEBUG[0m libmdns::fsm] received question: IN apex-one.local
[[37mDEBUG[0m libmdns::fsm] received question: IN apex-one.local
[[37mDEBUG[0m libmdns::fsm] received question: IN apex-one.local
[[37mDEBUG[0m libmdns::fsm] received question: IN apex-one.local
[[37mDEBUG[0m libmdns::fsm] received question: IN awms-s00.local
[[37mDEBUG[0m libmdns::fsm] received question: IN awms-s00.local
[[37mDEBUG[0m libmdns::fsm] received question: IN awms-s00.local
[[37mDEBUG[0m libmdns::fsm] received question: IN awms-s00.local
[[37mDEBUG[0m libmdns::fsm] received question: IN apex-one.local
[[37mDEBUG[0m libmdns::fsm] received question: IN apex-one.local
[[37mDEBUG[0m libmdns::fsm] received question: IN apex-one.local
[[37mDEBUG[0m libmdns::fsm] received question: IN apex-one.local
[[37mDEBUG[0m libmdns::fsm] received question: IN awms-k00.local
[[37mDEBUG[0m libmdns::fsm] received question: IN awms-k00.local
[[37mDEBUG[0m libmdns::fsm] received question: IN awms-k00.local
[[37mDEBUG[0m libmdns::fsm] received question: IN awms-k00.local
[[37mDEBUG[0m libmdns::fsm] received question: IN awms-k00.local
[[37mDEBUG[0m libmdns::fsm] received question: IN awms-k00.local
[[37mDEBUG[0m libmdns::fsm] received question: IN awms-k00.local
[[37mDEBUG[0m libmdns::fsm] received question: IN Awms-K00.local
[[37mDEBUG[0m libmdns::fsm] received question: IN awms-k00.local
[[37mDEBUG[0m libmdns::fsm] received question: IN awms-k00.local
[[37mDEBUG[0m libmdns::fsm] received question: IN Awms-K00.local
[[37mDEBUG[0m libmdns::fsm] received question: IN Awms-K00.local
[[37mDEBUG[0m libmdns::fsm] received question: IN awms-s00.local
[[37mDEBUG[0m libmdns::fsm] received question: IN awms-s00.local
[[37mDEBUG[0m libmdns::fsm] received question: IN awms-s00.local
[[37mDEBUG[0m libmdns::fsm] received question: IN awms-s00.local
[[37mDEBUG[0m libmdns::fsm] received question: IN awms-s00.local
[[37mDEBUG[0m libmdns::fsm] received question: IN awms-k00.local
[[37mDEBUG[0m libmdns::fsm] received question: IN awms-k00.local
[[37mDEBUG[0m libmdns::fsm] received question: IN awms-k00.local
[[37mDEBUG[0m libmdns::fsm] received question: IN awms-k00.local
[[37mDEBUG[0m libmdns::fsm] received question: IN awms-k00.local
[[37mDEBUG[0m libmdns::fsm] received question: IN awms-k00.local
[[37mDEBUG[0m libmdns::fsm] received question: IN awms-k00.local
[[37mDEBUG[0m libmdns::fsm] received question: IN awms-k00.local
[[37mDEBUG[0m libmdns::fsm] received question: IN awms-k00.local
[[37mDEBUG[0m libmdns::fsm] received question: IN awms-k00.local
[[37mDEBUG[0m libmdns::fsm] received question: IN awms-k00.local
[[37mDEBUG[0m libmdns::fsm] received question: IN awms-k00.local
[[37mDEBUG[0m libmdns::fsm] received question: IN awms-k00.local
[[37mDEBUG[0m libmdns::fsm] received question: IN awms-k00.local
[[37mDEBUG[0m libmdns::fsm] received question: IN awms-k00.local
[[37mDEBUG[0m libmdns::fsm] received question: IN awms-k00.local
[[37mDEBUG[0m libmdns::fsm] received question: IN awms-k00.local
[[37mDEBUG[0m libmdns::fsm] received question: IN awms-k00.local
[[37mDEBUG[0m libmdns::fsm] received question: IN awms-k00.local
[[37mDEBUG[0m libmdns::fsm] received question: IN awms-s00.local
[[37mDEBUG[0m libmdns::fsm] received question: IN awms-s00.local
[[37mDEBUG[0m libmdns::fsm] received question: IN awms-s00.local
[[37mDEBUG[0m libmdns::fsm] received question: IN awms-s00.local
[[37mDEBUG[0m libmdns::fsm] received question: IN awms-k00.local
[[37mDEBUG[0m libmdns::fsm] received question: IN awms-k00.local
[[37mDEBUG[0m libmdns::fsm] received question: IN awms-k00.local
[[37mDEBUG[0m libmdns::fsm] received question: IN awms-k00.local
[[37mDEBUG[0m libmdns::fsm] received question: IN awms-s00.local
[[37mDEBUG[0m libmdns::fsm] received question: IN awms-s00.local
[[37mDEBUG[0m libmdns::fsm] received question: IN awms-s00.local
[[37mDEBUG[0m libmdns::fsm] received question: IN awms-s00.local
[[37mDEBUG[0m libmdns::fsm] received question: IN awms-k00.local
[[37mDEBUG[0m libmdns::fsm] received question: IN awms-k00.local
[[37mDEBUG[0m libmdns::fsm] received question: IN awms-k00.local
[[37mDEBUG[0m libmdns::fsm] received question: IN awms-k00.local
[[37mDEBUG[0m libmdns::fsm] received question: IN awms-s00.local
[[37mDEBUG[0m libmdns::fsm] received question: IN awms-s00.local
[[37mDEBUG[0m libmdns::fsm] received question: IN awms-s00.local
[[37mDEBUG[0m libmdns::fsm] received question: IN awms-s00.local
[[37mDEBUG[0m libmdns::fsm] received question: IN awms-k00.local
[[37mDEBUG[0m libmdns::fsm] received question: IN awms-k00.local
[[37mDEBUG[0m libmdns::fsm] received question: IN awms-k00.local
[[37mDEBUG[0m libmdns::fsm] received question: IN awms-k00.local
[[37mDEBUG[0m libmdns::fsm] received question: IN apex-one.local
[[37mDEBUG[0m libmdns::fsm] received question: IN apex-one.local
[[37mDEBUG[0m libmdns::fsm] received question: IN apex-one.local
[[37mDEBUG[0m libmdns::fsm] received question: IN apex-one.local
[[37mDEBUG[0m libmdns::fsm] received question: IN _companion-link._tcp.local
[[37mDEBUG[0m libmdns::fsm] received question: IN _rdlink._tcp.local
[[37mDEBUG[0m libmdns::fsm] received question: IN _companion-link._tcp.local
[[37mDEBUG[0m libmdns::fsm] received question: IN _rdlink._tcp.local
[[37mDEBUG[0m libmdns::fsm] received question: IN printer2.local
[[37mDEBUG[0m libmdns::fsm] received question: IN printer2.local
[[37mDEBUG[0m libmdns::fsm] received question: IN printer2.local
[[37mDEBUG[0m libmdns::fsm] received question: IN printer2.local
[[37mDEBUG[0m libmdns::fsm] received question: IN printer2.local
[[37mDEBUG[0m libmdns::fsm] received question: IN printer2.local
[[37mDEBUG[0m libmdns::fsm] received question: IN printer2.local
[[37mDEBUG[0m libmdns::fsm] received question: IN printer2.local
[[37mDEBUG[0m libmdns::fsm] received question: IN awms-k00.local
[[37mDEBUG[0m libmdns::fsm] received question: IN awms-k00.local
[[37mDEBUG[0m libmdns::fsm] received question: IN awms-k00.local
[[37mDEBUG[0m libmdns::fsm] received question: IN awms-k00.local
[[37mDEBUG[0m libmdns::fsm] received question: IN printer2.local
[[37mDEBUG[0m libmdns::fsm] received question: IN printer2.local
[[37mDEBUG[0m libmdns::fsm] received question: IN printer2.local
[[37mDEBUG[0m libmdns::fsm] received question: IN printer2.local
[[37mDEBUG[0m libmdns::fsm] received question: IN apex-one.local
[[37mDEBUG[0m libmdns::fsm] received question: IN apex-one.local
[[37mDEBUG[0m libmdns::fsm] received question: IN apex-one.local
[[37mDEBUG[0m libmdns::fsm] received question: IN apex-one.local
[[37mDEBUG[0m libmdns::fsm] received question: IN _companion-link._tcp.local
[[37mDEBUG[0m libmdns::fsm] received question: IN _rdlink._tcp.local
[[37mDEBUG[0m libmdns::fsm] received question: IN _companion-link._tcp.local
[[37mDEBUG[0m libmdns::fsm] received question: IN _rdlink._tcp.local
[[37mDEBUG[0m libmdns::fsm] received question: IN printer2.local
[[37mDEBUG[0m libmdns::fsm] received question: IN printer2.local
[[37mDEBUG[0m libmdns::fsm] received question: IN printer2.local
[[37mDEBUG[0m libmdns::fsm] received question: IN printer2.local
[[37mDEBUG[0m libmdns::fsm] received question: IN printer2.local
[[37mDEBUG[0m libmdns::fsm] received question: IN printer2.local
[[37mDEBUG[0m libmdns::fsm] received question: IN printer2.local
[[37mDEBUG[0m libmdns::fsm] received question: IN printer2.local
[[37mDEBUG[0m libmdns::fsm] received question: IN awms-k00.local
[[37mDEBUG[0m libmdns::fsm] received question: IN awms-k00.local
[[37mDEBUG[0m libmdns::fsm] received question: IN awms-k00.local
[[37mDEBUG[0m libmdns::fsm] received question: IN awms-k00.local
[[37mDEBUG[0m libmdns::fsm] received question: IN awms-k00.local
[[37mDEBUG[0m libmdns::fsm] received question: IN awms-k00.local
[[37mDEBUG[0m libmdns::fsm] received question: IN awms-k00.local
[[37mDEBUG[0m libmdns::fsm] received question: IN awms-k00.local
[[37mDEBUG[0m libmdns::fsm] received question: IN awms-k00.local
[[37mDEBUG[0m libmdns::fsm] received question: IN awms-k00.local
[[37mDEBUG[0m libmdns::fsm] received question: IN awms-k00.local
[[37mDEBUG[0m libmdns::fsm] received question: IN awms-k00.local
[[37mDEBUG[0m libmdns::fsm] received question: IN awms-k00.local
[[37mDEBUG[0m libmdns::fsm] received question: IN awms-k00.local
[[37mDEBUG[0m libmdns::fsm] received question: IN awms-k00.local
[[37mDEBUG[0m libmdns::fsm] received question: IN awms-k00.local
[[37mDEBUG[0m libmdns::fsm] received question: IN apex-one.local
[[37mDEBUG[0m libmdns::fsm] received question: IN apex-one.local
[[37mDEBUG[0m libmdns::fsm] received question: IN apex-one.local
[[37mDEBUG[0m libmdns::fsm] received question: IN apex-one.local
[[37mDEBUG[0m libmdns::fsm] received question: IN awms-k00.local
[[37mDEBUG[0m libmdns::fsm] received question: IN awms-k00.local
[[37mDEBUG[0m libmdns::fsm] received question: IN awms-k00.local
[[37mDEBUG[0m libmdns::fsm] received question: IN awms-k00.local
[[37mDEBUG[0m libmdns::fsm] received question: IN awms-k00.local
[[37mDEBUG[0m libmdns::fsm] received question: IN awms-k00.local
[[37mDEBUG[0m libmdns::fsm] received question: IN awms-k00.local
[[37mDEBUG[0m libmdns::fsm] received question: IN awms-k00.local
[[37mDEBUG[0m libmdns::fsm] received question: IN printer2.local
[[37mDEBUG[0m libmdns::fsm] received question: IN printer2.local
[[37mDEBUG[0m libmdns::fsm] received question: IN printer2.local
[[37mDEBUG[0m libmdns::fsm] received question: IN printer2.local
[[37mDEBUG[0m libmdns::fsm] received question: IN apex-one.local
[[37mDEBUG[0m libmdns::fsm] received question: IN apex-one.local
[[37mDEBUG[0m libmdns::fsm] received question: IN apex-one.local
[[37mDEBUG[0m libmdns::fsm] received question: IN apex-one.local
[[37mDEBUG[0m libmdns::fsm] received question: IN _companion-link._tcp.local
[[37mDEBUG[0m libmdns::fsm] received question: IN _rdlink._tcp.local
[[37mDEBUG[0m libmdns::fsm] received question: IN _companion-link._tcp.local
[[37mDEBUG[0m libmdns::fsm] received question: IN _rdlink._tcp.local
[[37mDEBUG[0m libmdns::fsm] received question: IN printer2.local
[[37mDEBUG[0m libmdns::fsm] received question: IN printer2.local
[[37mDEBUG[0m libmdns::fsm] received question: IN printer2.local
[[37mDEBUG[0m libmdns::fsm] received question: IN printer2.local
[[37mDEBUG[0m libmdns::fsm] received question: IN _companion-link._tcp.local
[[37mDEBUG[0m libmdns::fsm] received question: IN _rdlink._tcp.local
[[37mDEBUG[0m libmdns::fsm] received question: IN _companion-link._tcp.local
[[37mDEBUG[0m libmdns::fsm] received question: IN _rdlink._tcp.local
[[37mDEBUG[0m libmdns::fsm] received question: IN printer2.local
[[37mDEBUG[0m libmdns::fsm] received question: IN printer2.local
[[37mDEBUG[0m libmdns::fsm] received question: IN printer2.local
[[37mDEBUG[0m libmdns::fsm] received question: IN printer2.local
[[37mDEBUG[0m libmdns::fsm] received question: IN awms-k00.local
[[37mDEBUG[0m libmdns::fsm] received question: IN awms-k00.local
[[37mDEBUG[0m libmdns::fsm] received question: IN awms-k00.local
[[37mDEBUG[0m libmdns::fsm] received question: IN awms-k00.local
[[37mDEBUG[0m libmdns::fsm] received question: IN printer2.local
[[37mDEBUG[0m libmdns::fsm] received question: IN printer2.local
[[37mDEBUG[0m libmdns::fsm] received question: IN awms-k00.local
[[37mDEBUG[0m libmdns::fsm] received question: IN awms-k00.local
[[37mDEBUG[0m libmdns::fsm] received question: IN awms-k00.local
[[37mDEBUG[0m libmdns::fsm] received question: IN awms-k00.local
[[37mDEBUG[0m libmdns::fsm] received question: IN _companion-link._tcp.local
[[37mDEBUG[0m libmdns::fsm] received question: IN _rdlink._tcp.local
[[37mDEBUG[0m libmdns::fsm] received question: IN _companion-link._tcp.local
[[37mDEBUG[0m libmdns::fsm] received question: IN _rdlink._tcp.local
[[37mDEBUG[0m libmdns::fsm] received question: IN A367FD03-140A-47CD-ADBA-C3075CF007A6._asquic._udp.local
[[37mDEBUG[0m libmdns::fsm] received question: IN Miladyior.local
[[37mDEBUG[0m libmdns::fsm] received question: IN A367FD03-140A-47CD-ADBA-C3075CF007A6._asquic._udp.local
[[37mDEBUG[0m libmdns::fsm] received question: IN Miladyior.local
[[37mDEBUG[0m libmdns::fsm] received question: IN A367FD03-140A-47CD-ADBA-C3075CF007A6._asquic._udp.local
[[37mDEBUG[0m libmdns::fsm] received question: IN Miladyior.local
[[37mDEBUG[0m libmdns::fsm] received question: IN A367FD03-140A-47CD-ADBA-C3075CF007A6._asquic._udp.local
[[37mDEBUG[0m libmdns::fsm] received question: IN Miladyior.local
[[37mDEBUG[0m libmdns::fsm] received question: IN A367FD03-140A-47CD-ADBA-C3075CF007A6._asquic._udp.local
[[37mDEBUG[0m libmdns::fsm] received question: IN Miladyior.local
[[37mDEBUG[0m libmdns::fsm] received question: IN A367FD03-140A-47CD-ADBA-C3075CF007A6._asquic._udp.local
[[37mDEBUG[0m libmdns::fsm] received question: IN Miladyior.local
[[37mDEBUG[0m libmdns::fsm] received question: IN printer2.local
[[37mDEBUG[0m libmdns::fsm] received question: IN printer2.local
[[37mDEBUG[0m libmdns::fsm] received question: IN printer2.local
[[37mDEBUG[0m libmdns::fsm] received question: IN printer2.local
[[37mDEBUG[0m libmdns::fsm] received question: IN _companion-link._tcp.local
[[37mDEBUG[0m libmdns::fsm] received question: IN _rdlink._tcp.local
[[37mDEBUG[0m libmdns::fsm] received question: IN _companion-link._tcp.local
[[37mDEBUG[0m libmdns::fsm] received question: IN _rdlink._tcp.local
[[37mDEBUG[0m libmdns::fsm] received question: IN awms-k00.local
[[37mDEBUG[0m libmdns::fsm] received question: IN awms-k00.local
[[37mDEBUG[0m libmdns::fsm] received question: IN awms-k00.local
[[37mDEBUG[0m libmdns::fsm] received question: IN awms-k00.local
[[37mDEBUG[0m libmdns::fsm] received question: IN printer2.local
[[37mDEBUG[0m libmdns::fsm] received question: IN printer2.local
[[37mDEBUG[0m libmdns::fsm] received question: IN printer2.local
[[37mDEBUG[0m libmdns::fsm] received question: IN printer2.local
[[37mDEBUG[0m libmdns::fsm] received question: IN awms-k00.local
[[37mDEBUG[0m libmdns::fsm] received question: IN awms-k00.local
[[37mDEBUG[0m libmdns::fsm] received question: IN awms-k00.local
[[37mDEBUG[0m libmdns::fsm] received question: IN awms-k00.local
[[37mDEBUG[0m libmdns::fsm] received question: IN apex-one.local
[[37mDEBUG[0m libmdns::fsm] received question: IN apex-one.local
[[37mDEBUG[0m libmdns::fsm] received question: IN apex-one.local
[[37mDEBUG[0m libmdns::fsm] received question: IN apex-one.local
[[37mDEBUG[0m libmdns::fsm] received question: IN apex-one.local
[[37mDEBUG[0m libmdns::fsm] received question: IN apex-one.local
[[37mDEBUG[0m libmdns::fsm] received question: IN apex-one.local
[[37mDEBUG[0m libmdns::fsm] received question: IN apex-one.local
[[37mDEBUG[0m libmdns::fsm] received question: IN awms-k00.local
[[37mDEBUG[0m libmdns::fsm] received question: IN awms-k00.local
[[37mDEBUG[0m libmdns::fsm] received question: IN awms-k00.local
[[37mDEBUG[0m libmdns::fsm] received question: IN awms-k00.local
[[37mDEBUG[0m libmdns::fsm] received question: IN _companion-link._tcp.local
[[37mDEBUG[0m libmdns::fsm] received question: IN _rdlink._tcp.local
[[37mDEBUG[0m libmdns::fsm] received question: IN _companion-link._tcp.local
[[37mDEBUG[0m libmdns::fsm] received question: IN _rdlink._tcp.local
[[37mDEBUG[0m libmdns::fsm] received question: IN awms-k00.local
[[37mDEBUG[0m libmdns::fsm] received question: IN awms-k00.local
[[37mDEBUG[0m libmdns::fsm] received question: IN awms-k00.local
[[37mDEBUG[0m libmdns::fsm] received question: IN awms-k00.local
[[37mDEBUG[0m libmdns::fsm] received question: IN awms-k00.local
[[37mDEBUG[0m libmdns::fsm] received question: IN awms-k00.local
[[37mDEBUG[0m libmdns::fsm] received question: IN _rdlink._tcp.local
[[37mDEBUG[0m libmdns::fsm] received question: IN _companion-link._tcp.local
[[37mDEBUG[0m libmdns::fsm] received question: IN lb._dns-sd._udp.local
[[37mDEBUG[0m libmdns::fsm] received question: IN _rdlink._tcp.local
[[37mDEBUG[0m libmdns::fsm] received question: IN _companion-link._tcp.local
[[37mDEBUG[0m libmdns::fsm] received question: IN lb._dns-sd._udp.local
[[37mDEBUG[0m libmdns::fsm] received question: IN awms-k00.local
[[37mDEBUG[0m libmdns::fsm] received question: IN awms-k00.local
[[37mDEBUG[0m libmdns::fsm] received question: IN awms-k00.local
[[37mDEBUG[0m libmdns::fsm] received question: IN awms-k00.local
[[37mDEBUG[0m libmdns::fsm] received question: IN Awms-K00.local
[[37mDEBUG[0m libmdns::fsm] received question: IN Awms-K00.local
[[37mDEBUG[0m libmdns::fsm] received question: IN Awms-K00.local
[[37mDEBUG[0m libmdns::fsm] received question: IN Awms-K00.local
[[37mDEBUG[0m libmdns::fsm] received question: IN awms-k00.local
[[37mDEBUG[0m libmdns::fsm] received question: IN awms-k00.local
[[37mDEBUG[0m libmdns::fsm] received question: IN awms-k00.local
[[37mDEBUG[0m libmdns::fsm] received question: IN awms-k00.local
[[37mDEBUG[0m libmdns::fsm] received question: IN awms-k00.local
[[37mDEBUG[0m libmdns::fsm] received question: IN awms-k00.local
[[37mDEBUG[0m libmdns::fsm] received question: IN awms-k00.local
[[37mDEBUG[0m libmdns::fsm] received question: IN awms-k00.local
[[37mDEBUG[0m libmdns::fsm] received question: IN awms-k00.local
[[37mDEBUG[0m libmdns::fsm] received question: IN awms-k00.local
[[37mDEBUG[0m libmdns::fsm] received question: IN awms-k00.local
[[37mDEBUG[0m libmdns::fsm] received question: IN awms-k00.local
[[37mDEBUG[0m libmdns::fsm] received question: IN _rdlink._tcp.local
[[37mDEBUG[0m libmdns::fsm] received question: IN _companion-link._tcp.local
[[37mDEBUG[0m libmdns::fsm] received question: IN lb._dns-sd._udp.local
[[37mDEBUG[0m libmdns::fsm] received question: IN _rdlink._tcp.local
[[37mDEBUG[0m libmdns::fsm] received question: IN _companion-link._tcp.local
[[37mDEBUG[0m libmdns::fsm] received question: IN lb._dns-sd._udp.local
[[37mDEBUG[0m libmdns::fsm] received question: IN awms-k00.local
[[37mDEBUG[0m libmdns::fsm] received question: IN awms-k00.local
[[37mDEBUG[0m libmdns::fsm] received question: IN awms-k00.local
[[37mDEBUG[0m libmdns::fsm] received question: IN awms-k00.local
[[37mDEBUG[0m libmdns::fsm] received question: IN awms-k00.local
[[37mDEBUG[0m libmdns::fsm] received question: IN awms-k00.local
[[37mDEBUG[0m libmdns::fsm] received question: IN awms-k00.local
[[37mDEBUG[0m libmdns::fsm] received question: IN awms-k00.local
[[37mDEBUG[0m libmdns::fsm] received question: IN awms-k00.local
[[37mDEBUG[0m libmdns::fsm] received question: IN awms-k00.local
[[37mDEBUG[0m libmdns::fsm] received question: IN awms-k00.local
[[37mDEBUG[0m libmdns::fsm] received question: IN apex-one.local
[[37mDEBUG[0m libmdns::fsm] received question: IN apex-one.local
[[37mDEBUG[0m libmdns::fsm] received question: IN apex-one.local
[[37mDEBUG[0m libmdns::fsm] received question: IN apex-one.local
[[37mDEBUG[0m libmdns::fsm] received question: IN awms-k00.local
[[37mDEBUG[0m libmdns::fsm] received question: IN awms-k00.local
[[37mDEBUG[0m libmdns::fsm] received question: IN awms-k00.local
[[37mDEBUG[0m libmdns::fsm] received question: IN _rdlink._tcp.local
[[37mDEBUG[0m libmdns::fsm] received question: IN _companion-link._tcp.local
[[37mDEBUG[0m libmdns::fsm] received question: IN lb._dns-sd._udp.local
[[37mDEBUG[0m libmdns::fsm] received question: IN _rdlink._tcp.local
[[37mDEBUG[0m libmdns::fsm] received question: IN _companion-link._tcp.local
[[37mDEBUG[0m libmdns::fsm] received question: IN lb._dns-sd._udp.local
[[37mDEBUG[0m libmdns::fsm] received question: IN apex-one.local
[[37mDEBUG[0m libmdns::fsm] received question: IN apex-one.local
[[37mDEBUG[0m libmdns::fsm] received question: IN apex-one.local
[[37mDEBUG[0m libmdns::fsm] received question: IN apex-one.local
[[37mDEBUG[0m libmdns::fsm] received question: IN awms-k00.local
[[37mDEBUG[0m libmdns::fsm] received question: IN awms-k00.local
[[37mDEBUG[0m libmdns::fsm] received question: IN awms-k00.local
[[37mDEBUG[0m libmdns::fsm] received question: IN awms-k00.local
[[37mDEBUG[0m libmdns::fsm] received question: IN awms-s00.local
[[37mDEBUG[0m libmdns::fsm] received question: IN awms-s00.local
[[37mDEBUG[0m libmdns::fsm] received question: IN awms-s00.local
[[37mDEBUG[0m libmdns::fsm] received question: IN awms-k00.local
[[37mDEBUG[0m libmdns::fsm] received question: IN awms-k00.local
[[37mDEBUG[0m libmdns::fsm] received question: IN awms-s00.local
[[37mDEBUG[0m libmdns::fsm] received question: IN awms-s00.local
[[37mDEBUG[0m libmdns::fsm] received question: IN awms-s00.local
[[37mDEBUG[0m libmdns::fsm] received question: IN awms-s00.local
[[37mDEBUG[0m libmdns::fsm] received question: IN awms-s00.local
[[37mDEBUG[0m libmdns::fsm] received question: IN awms-s00.local
[[37mDEBUG[0m libmdns::fsm] received question: IN awms-s00.local
[[37mDEBUG[0m libmdns::fsm] received question: IN awms-s00.local
[[37mDEBUG[0m libmdns::fsm] received question: IN awms-s00.local
[[37mDEBUG[0m libmdns::fsm] received question: IN awms-s00.local
[[37mDEBUG[0m libmdns::fsm] received question: IN awms-s00.local
[[37mDEBUG[0m libmdns::fsm] received question: IN awms-s00.local
[[37mDEBUG[0m libmdns::fsm] received question: IN apex-one.local
[[37mDEBUG[0m libmdns::fsm] received question: IN apex-one.local
[[37mDEBUG[0m libmdns::fsm] received question: IN apex-one.local
[[37mDEBUG[0m libmdns::fsm] received question: IN apex-one.local
[[37mDEBUG[0m libmdns::fsm] received question: IN awms-s00.local
[[37mDEBUG[0m libmdns::fsm] received question: IN awms-s00.local
[[37mDEBUG[0m libmdns::fsm] received question: IN awms-s00.local
[[37mDEBUG[0m libmdns::fsm] received question: IN awms-k00.local
[[37mDEBUG[0m libmdns::fsm] received question: IN awms-k00.local
[[37mDEBUG[0m libmdns::fsm] received question: IN awms-k00.local
[[37mDEBUG[0m libmdns::fsm] received question: IN apex-one.local
[[37mDEBUG[0m libmdns::fsm] received question: IN apex-one.local
[[37mDEBUG[0m libmdns::fsm] received question: IN apex-one.local
[[37mDEBUG[0m libmdns::fsm] received question: IN apex-one.local
[[37mDEBUG[0m libmdns::fsm] received question: IN _companion-link._tcp.local
[[37mDEBUG[0m libmdns::fsm] received question: IN _rdlink._tcp.local
[[37mDEBUG[0m libmdns::fsm] received question: IN _companion-link._tcp.local
[[37mDEBUG[0m libmdns::fsm] received question: IN _rdlink._tcp.local
[[37mDEBUG[0m libmdns::fsm] received question: IN awms-s00.local
[[37mDEBUG[0m libmdns::fsm] received question: IN awms-s00.local
[[37mDEBUG[0m libmdns::fsm] received question: IN A367FD03-140A-47CD-ADBA-C3075CF007A6._asquic._udp.local
[[37mDEBUG[0m libmdns::fsm] received question: IN Miladyior.local
[[37mDEBUG[0m libmdns::fsm] received question: IN A367FD03-140A-47CD-ADBA-C3075CF007A6._asquic._udp.local
[[37mDEBUG[0m libmdns::fsm] received question: IN Miladyior.local
[[37mDEBUG[0m libmdns::fsm] received question: IN awms-k00.local
[[37mDEBUG[0m libmdns::fsm] received question: IN awms-k00.local
[[37mDEBUG[0m libmdns::fsm] received question: IN awms-k00.local
[[37mDEBUG[0m libmdns::fsm] received question: IN awms-k00.local
[[37mDEBUG[0m libmdns::fsm] received question: IN awms-k00.local
[[37mDEBUG[0m libmdns::fsm] received question: IN awms-k00.local
[[37mDEBUG[0m libmdns::fsm] received question: IN awms-k00.local
[[37mDEBUG[0m libmdns::fsm] received question: IN awms-k00.local
[[37mDEBUG[0m libmdns::fsm] received question: IN A367FD03-140A-47CD-ADBA-C3075CF007A6._asquic._udp.local
[[37mDEBUG[0m libmdns::fsm] received question: IN Miladyior.local
[[37mDEBUG[0m libmdns::fsm] received question: IN A367FD03-140A-47CD-ADBA-C3075CF007A6._asquic._udp.local
[[37mDEBUG[0m libmdns::fsm] received question: IN Miladyior.local
[[37mDEBUG[0m libmdns::fsm] received question: IN A367FD03-140A-47CD-ADBA-C3075CF007A6._asquic._udp.local
[[37mDEBUG[0m libmdns::fsm] received question: IN Miladyior.local
[[37mDEBUG[0m libmdns::fsm] received question: IN A367FD03-140A-47CD-ADBA-C3075CF007A6._asquic._udp.local
[[37mDEBUG[0m libmdns::fsm] received question: IN Miladyior.local
[[37mDEBUG[0m libmdns::fsm] received question: IN awms-k00.local
[[37mDEBUG[0m libmdns::fsm] received question: IN awms-k00.local
[[37mDEBUG[0m libmdns::fsm] received question: IN awms-k00.local
[[37mDEBUG[0m libmdns::fsm] received question: IN awms-k00.local
[[37mDEBUG[0m libmdns::fsm] received question: IN awms-k00.local
[[37mDEBUG[0m libmdns::fsm] received question: IN awms-k00.local
[[37mDEBUG[0m libmdns::fsm] received question: IN awms-k00.local
[[37mDEBUG[0m libmdns::fsm] received question: IN awms-k00.local
[[37mDEBUG[0m libmdns::fsm] received question: IN awms-k00.local
[[37mDEBUG[0m libmdns::fsm] received question: IN awms-k00.local
[[37mDEBUG[0m libmdns::fsm] received question: IN awms-k00.local
[[37mDEBUG[0m libmdns::fsm] received question: IN awms-k00.local
[[37mDEBUG[0m libmdns::fsm] received question: IN _companion-link._tcp.local
[[37mDEBUG[0m libmdns::fsm] received question: IN _rdlink._tcp.local
[[37mDEBUG[0m libmdns::fsm] received question: IN _companion-link._tcp.local
[[37mDEBUG[0m libmdns::fsm] received question: IN _rdlink._tcp.local
[[37mDEBUG[0m libmdns::fsm] received question: IN awms-k00.local
[[37mDEBUG[0m libmdns::fsm] received question: IN awms-k00.local
[[37mDEBUG[0m libmdns::fsm] received question: IN awms-k00.local
[[37mDEBUG[0m libmdns::fsm] received question: IN awms-k00.local
[[37mDEBUG[0m libmdns::fsm] received question: IN awms-k00.local
[[37mDEBUG[0m libmdns::fsm] received question: IN awms-k00.local
[[37mDEBUG[0m libmdns::fsm] received question: IN awms-k00.local
[[37mDEBUG[0m libmdns::fsm] received question: IN awms-k00.local
[[37mDEBUG[0m libmdns::fsm] received question: IN awms-s00.local
[[37mDEBUG[0m libmdns::fsm] received question: IN awms-s00.local
[[37mDEBUG[0m libmdns::fsm] received question: IN awms-s00.local
[[37mDEBUG[0m libmdns::fsm] received question: IN awms-s00.local
[[37mDEBUG[0m libmdns::fsm] received question: IN awms-k00.local
[[37mDEBUG[0m libmdns::fsm] received question: IN awms-k00.local
[[37mDEBUG[0m libmdns::fsm] received question: IN awms-k00.local
[[37mDEBUG[0m libmdns::fsm] received question: IN awms-k00.local
[[37mDEBUG[0m libmdns::fsm] received question: IN awms-s00.local
[[37mDEBUG[0m libmdns::fsm] received question: IN awms-s00.local
[[37mDEBUG[0m libmdns::fsm] received question: IN awms-s00.local
[[37mDEBUG[0m libmdns::fsm] received question: IN awms-s00.local
[[37mDEBUG[0m libmdns::fsm] received question: IN awms-k00.local
[[37mDEBUG[0m libmdns::fsm] received question: IN awms-k00.local
[[37mDEBUG[0m libmdns::fsm] received question: IN awms-k00.local
[[37mDEBUG[0m libmdns::fsm] received question: IN awms-k00.local
[[37mDEBUG[0m libmdns::fsm] received question: IN _companion-link._tcp.local
[[37mDEBUG[0m libmdns::fsm] received question: IN _rdlink._tcp.local
[[37mDEBUG[0m libmdns::fsm] received question: IN _companion-link._tcp.local
[[37mDEBUG[0m libmdns::fsm] received question: IN _rdlink._tcp.local
[[37mDEBUG[0m libmdns::fsm] received question: IN printer2.local
[[37mDEBUG[0m libmdns::fsm] received question: IN printer2.local
[[37mDEBUG[0m libmdns::fsm] received question: IN printer2.local
[[37mDEBUG[0m libmdns::fsm] received question: IN printer2.local
[[37mDEBUG[0m libmdns::fsm] received question: IN printer2.local
[[37mDEBUG[0m libmdns::fsm] received question: IN printer2.local
[[37mDEBUG[0m libmdns::fsm] received question: IN printer2.local
[[37mDEBUG[0m libmdns::fsm] received question: IN printer2.local
[[37mDEBUG[0m libmdns::fsm] received question: IN printer2.local
[[37mDEBUG[0m libmdns::fsm] received question: IN printer2.local
[[37mDEBUG[0m libmdns::fsm] received question: IN printer2.local
[[37mDEBUG[0m libmdns::fsm] received question: IN printer2.local
[[37mDEBUG[0m libmdns::fsm] received question: IN awms-k00.local
[[37mDEBUG[0m libmdns::fsm] received question: IN awms-k00.local
[[37mDEBUG[0m libmdns::fsm] received question: IN awms-k00.local
[[37mDEBUG[0m libmdns::fsm] received question: IN awms-k00.local
[[37mDEBUG[0m libmdns::fsm] received question: IN printer2.local
[[37mDEBUG[0m libmdns::fsm] received question: IN printer2.local
[[37mDEBUG[0m libmdns::fsm] received question: IN printer2.local
[[37mDEBUG[0m libmdns::fsm] received question: IN printer2.local
[[37mDEBUG[0m libmdns::fsm] received question: IN printer2.local
[[37mDEBUG[0m libmdns::fsm] received question: IN printer2.local
[[37mDEBUG[0m libmdns::fsm] received question: IN printer2.local
[[37mDEBUG[0m libmdns::fsm] received question: IN printer2.local
[[37mDEBUG[0m libmdns::fsm] received question: IN awms-k00.local
[[37mDEBUG[0m libmdns::fsm] received question: IN awms-k00.local
[[37mDEBUG[0m libmdns::fsm] received question: IN awms-k00.local
[[37mDEBUG[0m libmdns::fsm] received question: IN awms-k00.local
[[37mDEBUG[0m libmdns::fsm] received question: IN apex-one.local
[[37mDEBUG[0m libmdns::fsm] received question: IN apex-one.local
[[37mDEBUG[0m libmdns::fsm] received question: IN apex-one.local
[[37mDEBUG[0m libmdns::fsm] received question: IN apex-one.local
[[37mDEBUG[0m libmdns::fsm] received question: IN printer2.local
[[37mDEBUG[0m libmdns::fsm] received question: IN printer2.local
[[37mDEBUG[0m libmdns::fsm] received question: IN printer2.local
[[37mDEBUG[0m libmdns::fsm] received question: IN printer2.local
[[37mDEBUG[0m libmdns::fsm] received question: IN apex-one.local
[[37mDEBUG[0m libmdns::fsm] received question: IN apex-one.local
[[37mDEBUG[0m libmdns::fsm] received question: IN apex-one.local
[[37mDEBUG[0m libmdns::fsm] received question: IN apex-one.local
[[37mDEBUG[0m libmdns::fsm] received question: IN awms-k00.local
[[37mDEBUG[0m libmdns::fsm] received question: IN awms-k00.local
[[37mDEBUG[0m libmdns::fsm] received question: IN awms-k00.local
[[37mDEBUG[0m libmdns::fsm] received question: IN awms-k00.local
[[37mDEBUG[0m libmdns::fsm] received question: IN printer2.local
[[37mDEBUG[0m libmdns::fsm] received question: IN printer2.local
[[37mDEBUG[0m libmdns::fsm] received question: IN printer2.local
[[37mDEBUG[0m libmdns::fsm] received question: IN printer2.local
[[37mDEBUG[0m libmdns::fsm] received question: IN awms-k00.local
[[37mDEBUG[0m libmdns::fsm] received question: IN awms-k00.local
[[37mDEBUG[0m libmdns::fsm] received question: IN awms-k00.local
[[37mDEBUG[0m libmdns::fsm] received question: IN awms-k00.local
[[37mDEBUG[0m libmdns::fsm] received question: IN Awms-K00.local
[[37mDEBUG[0m libmdns::fsm] received question: IN Awms-K00.local
[[37mDEBUG[0m libmdns::fsm] received question: IN Awms-K00.local
[[37mDEBUG[0m libmdns::fsm] received question: IN Awms-K00.local
[[37mDEBUG[0m libmdns::fsm] received question: IN awms-k00.local
[[37mDEBUG[0m libmdns::fsm] received question: IN awms-k00.local
[[37mDEBUG[0m libmdns::fsm] received question: IN awms-k00.local
[[37mDEBUG[0m libmdns::fsm] received question: IN awms-k00.local
[[37mDEBUG[0m libmdns::fsm] received question: IN awms-k00.local
[[37mDEBUG[0m libmdns::fsm] received question: IN awms-k00.local
[[37mDEBUG[0m libmdns::fsm] received question: IN awms-k00.local
[[37mDEBUG[0m libmdns::fsm] received question: IN awms-k00.local
[[37mDEBUG[0m libmdns::fsm] received question: IN awms-k00.local
[[37mDEBUG[0m libmdns::fsm] received question: IN awms-k00.local
[[37mDEBUG[0m libmdns::fsm] received question: IN awms-k00.local
[[37mDEBUG[0m libmdns::fsm] received question: IN awms-k00.local
[[37mDEBUG[0m libmdns::fsm] received question: IN awms-k00.local
[[37mDEBUG[0m libmdns::fsm] received question: IN awms-k00.local
[[37mDEBUG[0m libmdns::fsm] received question: IN awms-k00.local
[[37mDEBUG[0m libmdns::fsm] received question: IN awms-k00.local
[[37mDEBUG[0m libmdns::fsm] received question: IN awms-k00.local
[[37mDEBUG[0m libmdns::fsm] received question: IN awms-k00.local
[[37mDEBUG[0m libmdns::fsm] received question: IN awms-k00.local
[[37mDEBUG[0m libmdns::fsm] received question: IN awms-k00.local
[[37mDEBUG[0m libmdns::fsm] received question: IN printer2.local
[[37mDEBUG[0m libmdns::fsm] received question: IN printer2.local
[[37mDEBUG[0m libmdns::fsm] received question: IN printer2.local
[[37mDEBUG[0m libmdns::fsm] received question: IN printer2.local
[[37mDEBUG[0m libmdns::fsm] received question: IN awms-k00.local
[[37mDEBUG[0m libmdns::fsm] received question: IN awms-k00.local
[[37mDEBUG[0m libmdns::fsm] received question: IN awms-k00.local
[[37mDEBUG[0m libmdns::fsm] received question: IN awms-k00.local
[[37mDEBUG[0m libmdns::fsm] received question: IN printer2.local
[[37mDEBUG[0m libmdns::fsm] received question: IN printer2.local
[[37mDEBUG[0m librespot_core::session] Session strong=6 weak=7
[[37mDEBUG[0m libmdns::fsm] received question: IN awms-k00.local
[[37mDEBUG[0m libmdns::fsm] received question: IN awms-k00.local
[[37mDEBUG[0m libmdns::fsm] received question: IN awms-k00.local
[[37mDEBUG[0m libmdns::fsm] received question: IN awms-k00.local
[[37mDEBUG[0m libmdns::fsm] received question: IN printer2.local
[[37mDEBUG[0m libmdns::fsm] received question: IN printer2.local
[[37mDEBUG[0m libmdns::fsm] received question: IN printer2.local
[[37mDEBUG[0m libmdns::fsm] received question: IN printer2.local
[[37mDEBUG[0m libmdns::fsm] received question: IN _companion-link._tcp.local
[[37mDEBUG[0m libmdns::fsm] received question: IN _rdlink._tcp.local
[[37mDEBUG[0m libmdns::fsm] received question: IN _companion-link._tcp.local
[[37mDEBUG[0m libmdns::fsm] received question: IN _rdlink._tcp.local
[[37mDEBUG[0m libmdns::fsm] received question: IN awms-k00.local
[[37mDEBUG[0m libmdns::fsm] received question: IN awms-k00.local
[[37mDEBUG[0m libmdns::fsm] received question: IN awms-k00.local
[[37mDEBUG[0m libmdns::fsm] received question: IN awms-k00.local
[[37mDEBUG[0m libmdns::fsm] received question: IN printer2.local
[[37mDEBUG[0m libmdns::fsm] received question: IN printer2.local
[[37mDEBUG[0m libmdns::fsm] received question: IN _companion-link._tcp.local
[[37mDEBUG[0m libmdns::fsm] received question: IN _rdlink._tcp.local
[[37mDEBUG[0m libmdns::fsm] received question: IN lb._dns-sd._udp.local
[[37mDEBUG[0m libmdns::fsm] received question: IN _companion-link._tcp.local
[[37mDEBUG[0m libmdns::fsm] received question: IN _rdlink._tcp.local
[[37mDEBUG[0m libmdns::fsm] received question: IN lb._dns-sd._udp.local
[[37mDEBUG[0m libmdns::fsm] received question: IN apex-one.local
[[37mDEBUG[0m libmdns::fsm] received question: IN apex-one.local
[[37mDEBUG[0m libmdns::fsm] received question: IN apex-one.local
[[37mDEBUG[0m libmdns::fsm] received question: IN apex-one.local
[[37mDEBUG[0m libmdns::fsm] received question: IN awms-k00.local
[[37mDEBUG[0m libmdns::fsm] received question: IN awms-k00.local
[[37mDEBUG[0m libmdns::fsm] received question: IN awms-k00.local
[[37mDEBUG[0m libmdns::fsm] received question: IN awms-k00.local
[[37mDEBUG[0m libmdns::fsm] received question: IN awms-k00.local
[[37mDEBUG[0m libmdns::fsm] received question: IN awms-k00.local
[[37mDEBUG[0m libmdns::fsm] received question: IN awms-k00.local
[[37mDEBUG[0m libmdns::fsm] received question: IN awms-k00.local
[[37mDEBUG[0m libmdns::fsm] received question: IN awms-k00.local
[[37mDEBUG[0m libmdns::fsm] received question: IN awms-k00.local
[[37mDEBUG[0m libmdns::fsm] received question: IN _companion-link._tcp.local
[[37mDEBUG[0m libmdns::fsm] received question: IN _rdlink._tcp.local
[[37mDEBUG[0m libmdns::fsm] received question: IN lb._dns-sd._udp.local
[[37mDEBUG[0m libmdns::fsm] received question: IN _companion-link._tcp.local
[[37mDEBUG[0m libmdns::fsm] received question: IN _rdlink._tcp.local
[[37mDEBUG[0m libmdns::fsm] received question: IN lb._dns-sd._udp.local
[[37mDEBUG[0m libmdns::fsm] received question: IN apex-one.local
[[37mDEBUG[0m libmdns::fsm] received question: IN apex-one.local
[[37mDEBUG[0m libmdns::fsm] received question: IN apex-one.local
[[37mDEBUG[0m libmdns::fsm] received question: IN apex-one.local
[[37mDEBUG[0m libmdns::fsm] received question: IN awms-k00.local
[[37mDEBUG[0m libmdns::fsm] received question: IN awms-k00.local
[[37mDEBUG[0m libmdns::fsm] received question: IN awms-k00.local
[[37mDEBUG[0m libmdns::fsm] received question: IN awms-k00.local
[[37mDEBUG[0m libmdns::fsm] received question: IN apex-one.local
[[37mDEBUG[0m libmdns::fsm] received question: IN apex-one.local
[[37mDEBUG[0m libmdns::fsm] received question: IN apex-one.local
[[37mDEBUG[0m libmdns::fsm] received question: IN apex-one.local
[[37mDEBUG[0m libmdns::fsm] received question: IN awms-k00.local
[[37mDEBUG[0m libmdns::fsm] received question: IN awms-k00.local
[[37mDEBUG[0m libmdns::fsm] received question: IN awms-k00.local
[[37mDEBUG[0m libmdns::fsm] received question: IN awms-k00.local
[[37mDEBUG[0m libmdns::fsm] received question: IN apex-one.local
[[37mDEBUG[0m libmdns::fsm] received question: IN apex-one.local
[[37mDEBUG[0m libmdns::fsm] received question: IN apex-one.local
[[37mDEBUG[0m libmdns::fsm] received question: IN apex-one.local
[[37mDEBUG[0m libmdns::fsm] received question: IN awms-k00.local
[[37mDEBUG[0m libmdns::fsm] received question: IN awms-k00.local
[[37mDEBUG[0m libmdns::fsm] received question: IN awms-k00.local
[[37mDEBUG[0m libmdns::fsm] received question: IN awms-k00.local
[[37mDEBUG[0m libmdns::fsm] received question: IN awms-k00.local
[[37mDEBUG[0m libmdns::fsm] received question: IN awms-k00.local
[[37mDEBUG[0m libmdns::fsm] received question: IN awms-k00.local
[[37mDEBUG[0m libmdns::fsm] received question: IN awms-k00.local
[[37mDEBUG[0m libmdns::fsm] received question: IN awms-k00.local
[[37mDEBUG[0m libmdns::fsm] received question: IN awms-k00.local
[[37mDEBUG[0m libmdns::fsm] received question: IN awms-k00.local
[[37mDEBUG[0m libmdns::fsm] received question: IN awms-k00.local
[[37mDEBUG[0m libmdns::fsm] received question: IN _rdlink._tcp.local
[[37mDEBUG[0m libmdns::fsm] received question: IN _companion-link._tcp.local
[[37mDEBUG[0m libmdns::fsm] received question: IN lb._dns-sd._udp.local
[[37mDEBUG[0m libmdns::fsm] received question: IN _rdlink._tcp.local
[[37mDEBUG[0m libmdns::fsm] received question: IN _companion-link._tcp.local
[[37mDEBUG[0m libmdns::fsm] received question: IN lb._dns-sd._udp.local
[[37mDEBUG[0m libmdns::fsm] received question: IN awms-k00.local
[[37mDEBUG[0m libmdns::fsm] received question: IN awms-k00.local
[[37mDEBUG[0m libmdns::fsm] received question: IN awms-k00.local
[[37mDEBUG[0m libmdns::fsm] received question: IN awms-k00.local
[[37mDEBUG[0m libmdns::fsm] received question: IN _rdlink._tcp.local
[[37mDEBUG[0m libmdns::fsm] received question: IN _companion-link._tcp.local
[[37mDEBUG[0m libmdns::fsm] received question: IN lb._dns-sd._udp.local
[[37mDEBUG[0m libmdns::fsm] received question: IN _rdlink._tcp.local
[[37mDEBUG[0m libmdns::fsm] received question: IN _companion-link._tcp.local
[[37mDEBUG[0m libmdns::fsm] received question: IN lb._dns-sd._udp.local
[[37mDEBUG[0m libmdns::fsm] received question: IN apex-one.local
[[37mDEBUG[0m libmdns::fsm] received question: IN apex-one.local
[[37mDEBUG[0m libmdns::fsm] received question: IN apex-one.local
[[37mDEBUG[0m libmdns::fsm] received question: IN awms-k00.local
[[37mDEBUG[0m libmdns::fsm] received question: IN awms-k00.local
[[37mDEBUG[0m libmdns::fsm] received question: IN apex-one.local
[[37mDEBUG[0m libmdns::fsm] received question: IN awms-k00.local
[[37mDEBUG[0m libmdns::fsm] received question: IN awms-k00.local
[[37mDEBUG[0m libmdns::fsm] received question: IN awms-s00.local
[[37mDEBUG[0m libmdns::fsm] received question: IN awms-s00.local
[[37mDEBUG[0m libmdns::fsm] received question: IN awms-s00.local
[[37mDEBUG[0m libmdns::fsm] received question: IN awms-s00.local
[[37mDEBUG[0m libmdns::fsm] received question: IN apex-one.local
[[37mDEBUG[0m libmdns::fsm] received question: IN apex-one.local
[[37mDEBUG[0m libmdns::fsm] received question: IN apex-one.local
[[37mDEBUG[0m libmdns::fsm] received question: IN apex-one.local
[[37mDEBUG[0m libmdns::fsm] received question: IN awms-s00.local
[[37mDEBUG[0m libmdns::fsm] received question: IN awms-s00.local
[[37mDEBUG[0m libmdns::fsm] received question: IN awms-k00.local
[[37mDEBUG[0m libmdns::fsm] received question: IN awms-k00.local
[[37mDEBUG[0m libmdns::fsm] received question: IN awms-k00.local
[[37mDEBUG[0m libmdns::fsm] received question: IN awms-k00.local
[[37mDEBUG[0m libmdns::fsm] received question: IN awms-k00.local
[[37mDEBUG[0m libmdns::fsm] received question: IN awms-k00.local
[[37mDEBUG[0m libmdns::fsm] received question: IN awms-k00.local
[[37mDEBUG[0m libmdns::fsm] received question: IN awms-k00.local
[[37mDEBUG[0m libmdns::fsm] received question: IN awms-s00.local
[[37mDEBUG[0m libmdns::fsm] received question: IN awms-s00.local
[[37mDEBUG[0m libmdns::fsm] received question: IN awms-s00.local
[[37mDEBUG[0m libmdns::fsm] received question: IN awms-s00.local
[[37mDEBUG[0m libmdns::fsm] received question: IN awms-s00.local
[[37mDEBUG[0m libmdns::fsm] received question: IN awms-k00.local
[[37mDEBUG[0m libmdns::fsm] received question: IN awms-k00.local
[[37mDEBUG[0m libmdns::fsm] received question: IN awms-k00.local
[[37mDEBUG[0m libmdns::fsm] received question: IN awms-k00.local
[[37mDEBUG[0m libmdns::fsm] received question: IN awms-k00.local
[[37mDEBUG[0m libmdns::fsm] received question: IN awms-k00.local
[[37mDEBUG[0m libmdns::fsm] received question: IN awms-k00.local
[[37mDEBUG[0m libmdns::fsm] received question: IN awms-k00.local
[[37mDEBUG[0m libmdns::fsm] received question: IN Awms-K00.local
[[37mDEBUG[0m libmdns::fsm] received question: IN Awms-K00.local
[[37mDEBUG[0m libmdns::fsm] received question: IN Awms-K00.local
[[37mDEBUG[0m libmdns::fsm] received question: IN Awms-K00.local
[[37mDEBUG[0m libmdns::fsm] received question: IN awms-k00.local
[[37mDEBUG[0m libmdns::fsm] received question: IN awms-k00.local
[[37mDEBUG[0m libmdns::fsm] received question: IN awms-s00.local
[[37mDEBUG[0m libmdns::fsm] received question: IN awms-k00.local
[[37mDEBUG[0m libmdns::fsm] received question: IN awms-k00.local
[[37mDEBUG[0m libmdns::fsm] received question: IN awms-s00.local
[[37mDEBUG[0m libmdns::fsm] received question: IN awms-s00.local
[[37mDEBUG[0m libmdns::fsm] received question: IN awms-s00.local
[[37mDEBUG[0m libmdns::fsm] received question: IN awms-k00.local
[[37mDEBUG[0m libmdns::fsm] received question: IN awms-k00.local
[[37mDEBUG[0m libmdns::fsm] received question: IN awms-k00.local
[[37mDEBUG[0m libmdns::fsm] received question: IN awms-k00.local
[[37mDEBUG[0m libmdns::fsm] received question: IN awms-k00.local
[[37mDEBUG[0m libmdns::fsm] received question: IN awms-k00.local
[[37mDEBUG[0m libmdns::fsm] received question: IN awms-k00.local
[[37mDEBUG[0m libmdns::fsm] received question: IN awms-k00.local
[[37mDEBUG[0m libmdns::fsm] received question: IN awms-k00.local
[[37mDEBUG[0m libmdns::fsm] received question: IN awms-k00.local
[[37mDEBUG[0m libmdns::fsm] received question: IN awms-k00.local
[[37mDEBUG[0m libmdns::fsm] received question: IN awms-k00.local
[[37mDEBUG[0m libmdns::fsm] received question: IN awms-k00.local
[[37mDEBUG[0m libmdns::fsm] received question: IN awms-k00.local
[[37mDEBUG[0m libmdns::fsm] received question: IN awms-k00.local
[[37mDEBUG[0m libmdns::fsm] received question: IN awms-k00.local
[[37mDEBUG[0m libmdns::fsm] received question: IN awms-s00.local
[[37mDEBUG[0m libmdns::fsm] received question: IN awms-s00.local
[[37mDEBUG[0m libmdns::fsm] received question: IN awms-s00.local
[[37mDEBUG[0m libmdns::fsm] received question: IN awms-s00.local
[[37mDEBUG[0m libmdns::fsm] received question: IN _companion-link._tcp.local
[[37mDEBUG[0m libmdns::fsm] received question: IN _rdlink._tcp.local
[[37mDEBUG[0m libmdns::fsm] received question: IN _companion-link._tcp.local
[[37mDEBUG[0m libmdns::fsm] received question: IN _rdlink._tcp.local
[[37mDEBUG[0m libmdns::fsm] received question: IN awms-k00.local
[[37mDEBUG[0m libmdns::fsm] received question: IN awms-k00.local
[[37mDEBUG[0m libmdns::fsm] received question: IN awms-k00.local
[[37mDEBUG[0m libmdns::fsm] received question: IN awms-k00.local
[[37mDEBUG[0m libmdns::fsm] received question: IN _companion-link._tcp.local
[[37mDEBUG[0m libmdns::fsm] received question: IN _rdlink._tcp.local
[[37mDEBUG[0m libmdns::fsm] received question: IN _companion-link._tcp.local
[[37mDEBUG[0m libmdns::fsm] received question: IN _rdlink._tcp.local
[[37mDEBUG[0m libmdns::fsm] received question: IN apex-one.local
[[37mDEBUG[0m libmdns::fsm] received question: IN apex-one.local
[[37mDEBUG[0m libmdns::fsm] received question: IN apex-one.local
[[37mDEBUG[0m libmdns::fsm] received question: IN apex-one.local
[[37mDEBUG[0m libmdns::fsm] received question: IN awms-k00.local
[[37mDEBUG[0m libmdns::fsm] received question: IN awms-k00.local
[[37mDEBUG[0m libmdns::fsm] received question: IN awms-s00.local
[[37mDEBUG[0m libmdns::fsm] received question: IN awms-s00.local
[[37mDEBUG[0m libmdns::fsm] received question: IN awms-s00.local
[[37mDEBUG[0m libmdns::fsm] received question: IN awms-s00.local
[[37mDEBUG[0m libmdns::fsm] received question: IN apex-one.local
[[37mDEBUG[0m libmdns::fsm] received question: IN apex-one.local
[[37mDEBUG[0m libmdns::fsm] received question: IN apex-one.local
[[37mDEBUG[0m libmdns::fsm] received question: IN apex-one.local
[[37mDEBUG[0m libmdns::fsm] received question: IN awms-s00.local
[[37mDEBUG[0m libmdns::fsm] received question: IN awms-s00.local
[[37mDEBUG[0m libmdns::fsm] received question: IN awms-s00.local
[[37mDEBUG[0m libmdns::fsm] received question: IN awms-s00.local
[[37mDEBUG[0m libmdns::fsm] received question: IN awms-k00.local
[[37mDEBUG[0m libmdns::fsm] received question: IN awms-k00.local
[[37mDEBUG[0m libmdns::fsm] received question: IN awms-k00.local
[[37mDEBUG[0m libmdns::fsm] received question: IN awms-k00.local
[[37mDEBUG[0m libmdns::fsm] received question: IN _companion-link._tcp.local
[[37mDEBUG[0m libmdns::fsm] received question: IN _rdlink._tcp.local
[[37mDEBUG[0m libmdns::fsm] received question: IN awms-k00.local
[[37mDEBUG[0m libmdns::fsm] received question: IN awms-k00.local
[[37mDEBUG[0m libmdns::fsm] received question: IN awms-k00.local
[[37mDEBUG[0m libmdns::fsm] received question: IN awms-k00.local
[[37mDEBUG[0m libmdns::fsm] received question: IN printer2.local
[[37mDEBUG[0m libmdns::fsm] received question: IN printer2.local
[[37mDEBUG[0m libmdns::fsm] received question: IN printer2.local
[[37mDEBUG[0m libmdns::fsm] received question: IN printer2.local
[[37mDEBUG[0m libmdns::fsm] received question: IN printer2.local
[[37mDEBUG[0m libmdns::fsm] received question: IN printer2.local
[[37mDEBUG[0m libmdns::fsm] received question: IN printer2.local
[[37mDEBUG[0m libmdns::fsm] received question: IN printer2.local
[[37mDEBUG[0m libmdns::fsm] received question: IN _companion-link._tcp.local
[[37mDEBUG[0m libmdns::fsm] received question: IN _rdlink._tcp.local
[[37mDEBUG[0m libmdns::fsm] received question: IN _companion-link._tcp.local
[[37mDEBUG[0m libmdns::fsm] received question: IN _rdlink._tcp.local
[[37mDEBUG[0m libmdns::fsm] received question: IN printer2.local
[[37mDEBUG[0m libmdns::fsm] received question: IN printer2.local
[[37mDEBUG[0m libmdns::fsm] received question: IN printer2.local
[[37mDEBUG[0m libmdns::fsm] received question: IN printer2.local
[[37mDEBUG[0m libmdns::fsm] received question: IN printer2.local
[[37mDEBUG[0m libmdns::fsm] received question: IN printer2.local
[[37mDEBUG[0m libmdns::fsm] received question: IN printer2.local
[[37mDEBUG[0m libmdns::fsm] received question: IN printer2.local
[[37mDEBUG[0m libmdns::fsm] received question: IN printer2.local
[[37mDEBUG[0m libmdns::fsm] received question: IN printer2.local
[[37mDEBUG[0m libmdns::fsm] received question: IN printer2.local
[[37mDEBUG[0m libmdns::fsm] received question: IN printer2.local
[[37mDEBUG[0m libmdns::fsm] received question: IN printer2.local
[[37mDEBUG[0m libmdns::fsm] received question: IN printer2.local
[[37mDEBUG[0m libmdns::fsm] received question: IN printer2.local
[[37mDEBUG[0m libmdns::fsm] received question: IN printer2.local
[[37mDEBUG[0m libmdns::fsm] received question: IN I1k3UDH8n14AAA._FC9F5ED42C8A._tcp.local
[[37mDEBUG[0m libmdns::fsm] received question: IN I1k3UDH8n14AAA._FC9F5ED42C8A._tcp.local
[[37mDEBUG[0m libmdns::fsm] received question: IN I1k3UDH8n14AAA._FC9F5ED42C8A._tcp.local
[[37mDEBUG[0m libmdns::fsm] received question: IN I1k3UDH8n14AAA._FC9F5ED42C8A._tcp.local
[[37mDEBUG[0m libmdns::fsm] received question: IN _companion-link._tcp.local
[[37mDEBUG[0m libmdns::fsm] received question: IN _rdlink._tcp.local
[[37mDEBUG[0m libmdns::fsm] received question: IN _companion-link._tcp.local
[[37mDEBUG[0m libmdns::fsm] received question: IN _rdlink._tcp.local
[[37mDEBUG[0m libmdns::fsm] received question: IN I1k3UDH8n14AAA._FC9F5ED42C8A._tcp.local
[[37mDEBUG[0m libmdns::fsm] received question: IN I1k3UDH8n14AAA._FC9F5ED42C8A._tcp.local
[[37mDEBUG[0m libmdns::fsm] received question: IN printer2.local
[[37mDEBUG[0m libmdns::fsm] received question: IN printer2.local
[[37mDEBUG[0m libmdns::fsm] received question: IN printer2.local
[[37mDEBUG[0m libmdns::fsm] received question: IN printer2.local
[[37mDEBUG[0m libmdns::fsm] received question: IN apex-one.local
[[37mDEBUG[0m libmdns::fsm] received question: IN apex-one.local
[[37mDEBUG[0m libmdns::fsm] received question: IN apex-one.local
[[37mDEBUG[0m libmdns::fsm] received question: IN apex-one.local
[[37mDEBUG[0m libmdns::fsm] received question: IN apex-one.local
[[37mDEBUG[0m libmdns::fsm] received question: IN apex-one.local
[[37mDEBUG[0m libmdns::fsm] received question: IN apex-one.local
[[37mDEBUG[0m libmdns::fsm] received question: IN apex-one.local
[[37mDEBUG[0m librespot_connect::state] update position to 29682971:12 at 4:11:12.765
[[37mDEBUG[0m librespot_connect::state] updated connect play status playing: true, paused: true, buffering: true
[[37mDEBUG[0m librespot_core::http_client] Requesting https://gew4-spclient.spotify.com:443/connect-state/v1/devices/8be00a8efd816397f76387787fe06a4abe700e95?product=0&country=ID&salt=1218689863
[[37mDEBUG[0m libmdns::fsm] received question: IN awms-k00.local
[[37mDEBUG[0m libmdns::fsm] received question: IN awms-k00.local
[[37mDEBUG[0m libmdns::fsm] received question: IN awms-k00.local
[[37mDEBUG[0m libmdns::fsm] received question: IN awms-k00.local
[[33mWARN[0m librespot_connect::state::context] couldn't load context info because: context is not available. type: Default
[[37mDEBUG[0m librespot_core::http_client] Requesting https://gew4-spclient.spotify.com:443/connect-state/v1/devices/8be00a8efd816397f76387787fe06a4abe700e95/inactive?notify=false&product=0&country=ID&salt=243445955
[[37mDEBUG[0m libmdns::fsm] received question: IN awms-k00.local
[[37mDEBUG[0m libmdns::fsm] received question: IN awms-k00.local
[[37mDEBUG[0m libmdns::fsm] received question: IN printer2.local
[[37mDEBUG[0m libmdns::fsm] received question: IN printer2.local
[[37mDEBUG[0m libmdns::fsm] received question: IN printer2.local
[[37mDEBUG[0m libmdns::fsm] received question: IN printer2.local
[[37mDEBUG[0m librespot_connect::state] updated connect play status playing: true, paused: true, buffering: true
[[37mDEBUG[0m librespot_playback::player] command=EmitSessionDisconnectedEvent("NmJmNDRhZTctZDU2YS00NDE4LWIzODQtYTNiN2E2MDgyOWQzK2RlYWxlcit0Y3A6Ly8wYWIxNTEyMi5pcC5nZXc0LnNwb3RpZnkubmV0OjU3MDArQ0QyMzRGNDZBNTQ5OUI0MzYxQUFGNjkzRThBQUY4OUU2MTcwM0YyOUVGRjRCOEIwRUVEMzk3QjkxQTkzN0ZCQg==", "31ryuukpnmxv6zd67aa6opp27gym")
[[37mDEBUG[0m librespot_core::http_client] Requesting https://gew4-spclient.spotify.com:443/connect-state/v1/devices/8be00a8efd816397f76387787fe06a4abe700e95?product=0&country=ID&salt=80247577
[[37mDEBUG[0m librespot_core::http_client] Requesting https://gew4-spclient.spotify.com:443/connect-state/v1/devices/8be00a8efd816397f76387787fe06a4abe700e95?product=0&country=ID&salt=1427042705
[[37mDEBUG[0m librespot_core::dealer] closing dealer
[[37mDEBUG[0m librespot_core::dealer] Dropping send task
[[37mDEBUG[0m tungstenite::protocol] Received close frame: None
[[37mDEBUG[0m librespot_core::dealer] Websocket connection closed.
[[37mDEBUG[0m librespot_core::dealer] Dropping receive task
[[37mDEBUG[0m librespot_connect::spirc] drop Spirc[0]
[[37mDEBUG[0m librespot_playback::player] Shutting down player thread ...
[[37mDEBUG[0m librespot_playback::player] drop PlayerInternal[0]
[[37mDEBUG[0m librespot_playback::player] PlayerInternal thread finished.
[[37mDEBUG[0m librespot_discovery::server] Shutting down discovery server
[[37mDEBUG[0m librespot_discovery] Shutting down zeroconf responder
[[37mDEBUG[0m librespot_discovery::server] Discovery server stopped
[[37mDEBUG[0m librespot_discovery] Zeroconf responder stopped
[[37mDEBUG[0m librespot_core::session] drop Session
[[37mDEBUG[0m librespot::component] drop ApResolver
[[37mDEBUG[0m librespot::component] drop MercuryManager
[[37mDEBUG[0m librespot::component] drop DealerManager
[[37mDEBUG[0m librespot::component] drop SpClient
[[37mDEBUG[0m librespot::component] drop Login5Manager
[[37mDEBUG[0m librespot_core::session] drop Dispatch
